X1,X2,X3,X4,Label
0.17417849792799078,0.43009799536538307,0.8422974270679776,0.6044842735723016,4.357828105025771
0.1585147214988274,0.19787563334191083,0.39240791717944856,0.504527825099862,2.3978756358240574
0.162428980461798,0.6369621354799332,0.9080660307106092,0.9221890530493648,5.611027617313912
0.21734977232977237,0.5961077334846863,0.3804233377117411,0.6080774689085126,4.188054622930284
0.21017937428222921,0.6413138500857783,0.15822538788326335,0.10113932772551038,3.4032042523996084
0.6695655576648067,0.5903886966924631,0.8710803900731742,0.6873559050456971,6.130202587291511
0.7586799819124637,0.5097727043249516,0.510440203767455,0.2636943072312039,4.841025495890848
0.4855307995755507,0.9949991789316109,0.12032513473099438,0.6565479022974281,5.848256486636961
0.897309120739041,0.48154263632667815,0.30901660190753877,0.9755086259618051,5.314330616561676
0.42768328935721944,0.10659804160517561,0.3799408064971581,0.07554961004603233,2.11718996817549
0.15175195930080776,0.34493007216108085,0.4231489210379422,0.648094519523494,3.177616568845317
0.605801168499874,0.17457548911977205,0.913266922332109,0.9913559840379877,4.727794122181042
0.8180246403534664,0.273141391349522,0.32800903661069936,0.7799944852164216,4.164627404542841
0.01771239869708019,0.9291664421709862,0.6066375302841862,0.9819685824757131,5.94733420912219
0.787694542075579,0.1544503731966097,0.9701492022412246,0.44233812076970525,4.57582710218975
0.5917963132554686,0.8753994893727066,0.4420310702080935,0.8904720651425211,6.459724789560472
0.9992729637559602,0.28756331796675916,0.4905515718369685,0.8933027681893005,5.023205111242195
0.876413659458947,0.5089552388046712,0.6177822051382835,0.9586893720441529,5.982902056457299
0.7861452890067915,0.5779542636840486,0.28326444043219257,0.7349136722524956,5.185550185866658
0.46951474321050124,0.030551640953929704,0.39808665858903525,0.7865793526865777,2.6439887201013694
0.6323077390731697,0.349663409828988,0.8469698795652947,0.9610039912488909,5.318212867841772
0.20223681604429267,0.6387853010887579,0.28614919932429217,0.959475175654349,4.49138841074655
0.8812996474108271,0.6593036732211385,0.01556744016273992,0.8051199468579449,5.236068814889633
0.4769683487183297,0.97078527538006,0.8569704120899833,0.8778311357189514,7.428849758855817
0.6746354914351614,0.05820634314085871,0.6187632629863723,0.823006732405749,3.642629613812251
0.744276810631202,0.044872874726883394,0.09581102639428185,0.7937953026500519,2.653462475608553
0.1715690952829061,0.5085597819119667,0.061670505537006814,0.7001382049011746,3.2008565341888673
0.8483803494797258,0.9338977297054076,0.7173671535183828,0.9629253660931045,7.830011290910952
0.04045805424202242,0.983933577744723,0.5825591842594713,0.8213444726682905,6.003113260650169
0.27925230413487856,0.7715972210137256,0.7319651979915918,0.24856549238553827,5.357389380693382
0.9202562760626819,0.7391593899995031,0.6729946435566573,0.030257949809925466,6.173397349046617
0.09829952030345002,0.4419576586390149,0.35405010082856514,0.5243869073082705,3.1969167841283608
0.26096986734192007,0.8338834527658622,0.8147566028913028,0.16144852370491125,5.648435275234806
0.2736778913888822,0.0448313873828482,0.7794306225354442,0.5898295307247687,2.8753721081048145
0.4520127905945257,0.8416117327749855,0.08273001382825362,0.7783445823875211,5.214277122333022
0.34579193180513523,0.20286162978512567,0.7907589542055368,0.167456169759156,3.2520044609210026
0.9429957326532378,0.7364114546231068,0.28348325305501954,0.1670405227767079,5.56564431268565
0.8992292923785616,0.9103824013324978,0.5055096873970611,0.36012324466346146,6.811130809544698
0.7101722471010453,0.004562023602054155,0.060222289700247345,0.11905762841629719,1.6780947964270991
0.2094348700668225,0.12781978756301438,0.278047472314064,0.07940620810186672,1.5656500431156972
0.00220171720249851,0.8722069330534188,0.6221927232207185,0.08407877015121201,4.821695383211321
0.5815774739756993,0.010629502143229774,0.7733721848651215,0.5437725851877114,3.296189911442272
0.7935057396959572,0.21766350100067156,0.8117646687485992,0.019567046871263316,4.100761867763063
0.38611030234946475,0.3343237328282519,0.050996297154242254,0.6821748102607186,2.89368294058114
0.1381917360524061,0.27616793370733117,0.33889479889927254,0.6731500976560627,2.7319949023887444
0.6284775295339372,0.8069426694844001,0.09889501988725813,0.7456659213048143,5.428181698084805
0.9827164842377067,0.4280845392750465,0.8109865490131019,0.9862097203592677,6.285953943961071
0.6067489749787096,0.11148964329484556,0.9133683139997493,0.7715780003075667,4.257771151443867
0.855059323751239,0.05505297587230551,0.5780917755364948,0.06113450378375174,3.1476486058484414
0.1936055026336373,0.14046563445031102,0.8031138136562083,0.6975575830806777,3.252858753461613
0.8029841398056029,0.6740595955138459,0.19167926273770064,0.061832114098355206,4.747397301240346
0.9723978330022893,0.49924400144078507,0.6621170389970712,0.23588569450327312,5.5018914442651345
0.09909180771789505,0.8661644807324963,0.4007906875682803,0.31490578012870785,4.779328693631044
0.49295556888071224,0.32445879867494165,0.2156273368198045,0.897759438038902,3.6127604441397017
0.3523334583603883,0.813055613251947,0.9208355487340064,0.8469460106683471,6.645506477864925
0.4108639034553969,0.06443046643164951,0.14794771251720973,0.8525377053132274,2.2278828029850386
0.09754183819299356,0.4786775630693235,0.33492254100923025,0.6816938855757192,3.4613328962574608
0.08054598983394246,0.938139797779001,0.44596687790626577,0.3383069304555665,5.143891857051987
0.38624322260667576,0.9829748632190151,0.8608226755210333,0.29389330946721637,6.719924558598694
0.3481751491514601,0.5196415198226871,0.25527079552625564,0.144288084891933,3.429746053538113
0.14541611999084558,0.4440728140525906,0.3728801286733927,0.6886990253007824,3.501582778839621
0.21854036137255006,0.1691015976014031,0.09480914683030905,0.21386763591461133,1.516973042725942
0.02027886928081013,0.7050171356908675,0.3999445077178011,0.5575665920303027,4.218081888790995
0.5012349544326417,0.8857232932018746,0.1269592748264946,0.8341212928928647,5.633402924218636
0.6258840184724745,0.20089305161650106,0.12976710254444102,0.04069027579216533,2.3555647242920004
0.8483848431758753,0.8948375543500726,0.3812707861058866,0.04329278864745112,6.081954264611265
0.8104561888028567,0.7599717221738104,0.4678930601920327,0.6131010516085985,6.20968643829362
0.45492107239270096,0.21269357340752215,0.014179318443788613,0.7711114386141297,2.5600865139171973
0.9416015859124283,0.16873942106849416,0.8790528674072435,0.8120059078628119,5.128272498776132
0.8534160489336277,0.6480026380934459,0.11776644197598696,0.8157547612188399,5.350130295411853
0.5898137082784297,0.1461407693970309,0.22040462039112685,0.7632051254076203,2.968204860334857
0.5843586501558855,0.7640580101323909,0.2979294807297187,0.52350011038524,5.344308412686011
0.9361464297966366,0.8818552554950223,0.09850624011666764,0.10141247648015372,5.698138838286851
0.5334698579622227,0.735321318232781,0.06292925187179677,0.14469415700984345,4.278777649609006
0.03945053906626261,0.7221327613395817,0.945069170985025,0.814899288406954,5.672469753867856
0.8574796040582371,0.2908375098365774,0.2228200543375194,0.9243263524264251,4.248275708564248
0.15633806241012593,0.9442267128025192,0.5714433788914276,0.8347345807401391,6.067204314553322
0.7463687813331399,0.8310712018516792,0.05472424598192038,0.0024909546871020316,4.928961816723938
0.9992016876192426,0.4551075775210157,0.08424200106329016,0.005490753047546204,3.992808440496674
0.7800092908140844,0.062254669595388834,0.41815803492874803,0.3713859459785527,3.016739275845773
0.28192925754243625,0.9360800764529482,0.5923264121872411,0.2029622680641906,5.695793913335338
0.9273209315223255,0.9030736252742785,0.3420619318611826,0.26296968187988645,6.414029909744017
0.22233224513860594,0.6022948731617039,0.7104564301966173,0.6864638045075557,4.961220647824818
0.9593750184954507,0.4956213658490296,0.533102774748353,0.988541440577955,5.955982490461681
0.03619281710491162,0.8667600172151297,0.07430611219559957,0.9595800768114456,4.647618004272987
0.6715450747541449,0.36858453711310946,0.3027032257075356,0.4942863108136111,3.9171210601894098
0.46024779951493333,0.6061592243495318,0.42966174616805153,0.019793292759564984,4.2242492815236625
0.8186650826660457,0.11215975898078334,0.08119811948728106,0.15796999770798825,2.406335437937775
0.751770956037198,0.8574166100465447,0.3244119558218932,0.9945842905687009,6.576616554473063
0.4781377516169092,0.12219985640004971,0.882373534326902,0.9110469377075574,4.120868935195379
0.8301912637520493,0.9520067926209228,0.04541138042443771,0.39336901968167315,5.952601478518338
0.3642531170213107,0.007965606741653919,0.504197756713803,0.31727954346414666,2.0860437179009894
0.9724811774781618,0.8015007293822007,0.23947056781136644,0.969170555985846,6.599076964093705
0.6152553161794541,0.9067908913668011,0.10359142039729874,0.9015523645383184,5.9664094031590285
0.899840997106841,0.3306853886790355,0.16539068000761037,0.9405858195888737,4.393790728533919
0.43848711815678554,0.999450179509507,0.8213104409481758,0.7023241775970438,7.219720013844994
0.04900815310582707,0.7831594472330861,0.9072922402766669,0.45473521619682933,5.499973791894162
0.11160529846110667,0.09574257340548864,0.1299756647196887,0.2585776653008254,1.1247098852843707
0.027286335775502546,0.2865330709431245,0.8635550479127213,0.17499028207037703,3.102805333219323
0.900322220559848,0.2941394787454581,0.6359060339958529,0.7640282104609953,5.013042634554229
0.9428692530003697,0.49440763715487446,0.9793867975580657,0.759301446860967,6.581444096597336
0.5208030516783183,0.6514381539050478,0.9447488621779294,0.0909144753022102,5.627770918634896
0.08989075998656393,0.7726957270102482,0.8142357590773505,0.04273698839489515,4.941772934563717
0.15051217888752355,0.2692106964229237,0.31676093249461945,0.04364439564167655,2.0550334040976574
0.7701818204447347,0.2507063255327311,0.5581514866670494,0.4606483145245689,4.120140230879062
0.6252904523753229,0.588395364453395,0.3088523419379655,0.44721497808359256,4.66908202452375
0.5946067215554487,0.08246766419355056,0.05061957108735593,0.9985622814392752,2.6188855234990864
0.2691039032825421,0.4754750177249828,0.02674362021372323,0.46931812619883195,2.962913244091294
0.3864769335226257,0.9445144972497862,0.4911596798368365,0.5384899368007959,6.071821152518866
0.4535225577319727,0.510690706522133,0.07314268049769845,0.009989937653362424,3.106083240201237
0.8274684035529064,0.0921304435901179,0.8250017528592801,0.4750803906538106,4.148542477838656
0.8196483178214226,0.9484884752963205,0.9248499307867183,0.7768993227097899,8.059849721111354
0.009704959033011162,0.32384466403491274,0.24131149235276894,0.7265617696716236,2.5239733285828345
0.23498323756591444,0.5951599234513659,0.7841693928051044,0.6425286926663136,5.061473647213814
0.15379200298246143,0.2504473311603147,0.17827359079916127,0.7846752690182207,2.450595781222725
0.33222033127371475,0.18946994027789432,0.07069908097994237,0.8354274002168007,2.399145985835692
0.25611604164262725,0.887553524832153,0.5436071182440465,0.43961791160934793,5.589278330711307
0.09289575342480083,0.33386289822038495,0.7228218493471492,0.9497354751719477,3.9166222735973877
0.6791136271701029,0.03629471165067999,0.9589967942605507,0.7638226715978575,4.185222361061885
0.24837487092872046,0.5672370256596762,0.8920642895510227,0.7720509056247348,5.321877329222925
0.5068574263131124,0.4577020854193047,0.7438810496500352,0.3721374015781036,4.704422695181617
0.16707354197859636,0.6524090092930614,0.9768394237109427,0.40088333022017053,5.298345298771495
0.15282926978712008,0.24036907123156803,0.7843171538521686,0.7000033172553682,3.535772449460218
0.9900236840996952,0.7537776616859126,0.6494764382283527,0.2628602544449623,6.556971145844708
0.24339833266919808,0.02523318227754212,0.0922690353431519,0.17306353799430396,0.9453310031291724
0.2691262432611067,0.09657764531805302,0.580485824243876,0.898705746354693,2.984240462636871
0.21755737437332245,0.3296979186600777,0.7161160979414207,0.9851214906163043,4.171260109886101
0.2274128092322435,0.8791640438350669,0.7452706168839514,0.5761008987473928,6.038123926320051
0.09104531067785837,0.19867947300020738,0.43988775665135926,0.7016147636876547,2.5581987903469194
0.14866000427023962,0.8920032000126724,0.09769998300375637,0.0952765380584436,4.156009312657125
0.17664347920802947,0.1139042129439849,0.5800681771888463,0.43977349525852627,2.4088136598282173
0.6693132858256617,0.15981787591182584,0.7453404119854073,0.5437051454137697,4.012284044683211
0.014753995971873546,0.7371525132528154,0.9251764544693966,0.9000810825026722,5.728552036396475
0.4317533965890027,0.38204482223572456,0.29649080386753524,0.006745819126690811,2.991413508982665
0.567759666089792,0.06354146052797449,0.7619911448036145,0.3667586702080572,3.2804261341067678
0.8103942498516904,0.4905843423552977,0.28945017809660223,0.466043797340138,4.628070022657914
0.2815597863692101,0.1423445645479593,0.425583622814951,0.6421535530196559,2.625818629579815
0.02347721616953191,0.900638473846698,0.2325241918330636,0.8979636694725533,5.0125203808645376
0.6548579572625668,0.7764529870923171,0.5421679503310117,0.998774232954193,6.4986379965106185
0.5140019771424387,0.8602181049607964,0.12044866353262595,0.9957843946211967,5.705558095814512
0.20330844588519248,0.8053354292856199,0.5615768380909835,0.19016415670349696,4.941276441798328
0.2332998947901529,0.5233761183416475,0.23681375569830732,0.5557743839961442,3.589506158339655
0.9640909893755376,0.3469215713421835,0.40317335562375434,0.9031093668794977,5.025324342246816
0.0718982764292384,0.22563037474836167,0.4404657345145071,0.0505737039883456,1.9778232248692833
0.9181912713081046,0.36676720712774236,0.6238147761511185,0.0848163047649253,4.635897228194341
0.020227228192503,0.6553277352314643,0.6391017556893761,0.7484635762571622,4.688432484946778
0.11257684728826556,0.940014010176935,0.4378171635746917,0.8274637230321521,5.688307785465807
0.026727028901849637,0.8954874800435315,0.6583968163031264,0.5024053031479482,5.4546029137320255
0.18571033072960952,0.6555044423208302,0.9600969130928856,0.04361916933394805,4.95725142626226
0.45356207661476045,0.835947139454521,0.7926959234564673,0.03475966977551892,5.871064227736059
0.36508555184906233,0.802091238178503,0.006200539949640427,0.7453503496450998,4.696287485956518
0.3035943386644714,0.7732226819679567,0.7516212021524519,0.490005005136086,5.693326814641759
0.5758955647548004,0.6003573732813761,0.8463539982511851,0.26866709811261835,5.514595717250093
0.949857261614566,0.16582081945172056,0.20008335736211325,0.2669344182724208,3.2300989340326614
0.9446579986504954,0.2918484348959357,0.22875809694616311,0.9747745751725315,4.489000505949591
0.9664851784042404,0.9744912073274407,0.5658171487186926,0.13225002043445055,7.094819503990079
0.10664052900595955,0.11806939902294655,0.9689753616626925,0.8084689255198128,3.431978302948903
0.18621799638477377,0.4069340904403327,0.210533315553745,0.21171675777707466,2.632955743415443
0.2759539975877684,0.12295811426236625,0.9916132074745281,0.31422360539411476,3.3411904725681723
0.18750240216464553,0.6373198459652792,0.3054700556323241,0.3390937428431494,3.874318042298206
0.8885191536465777,0.4391598396176193,0.31785824380984107,0.3196294579570109,4.4890236113403255
0.1059064655491535,0.4481966831282266,0.7778565415540827,0.7333024487522104,4.293615195471589
0.13838736276020647,0.5382741444165673,0.3525192662445874,0.31765419987771615,3.452564035553573
0.17066298902324695,0.0805225718488789,0.0776626646317099,0.9202882783866739,1.7390298730921032
0.5304448649576468,0.6772503295600114,0.14625052329569954,0.5069619956858112,4.56935409043255
0.5332217604238196,0.4432845733183456,0.06930783661734385,0.061610541950263165,3.0398080293059726
0.790408909721061,0.39326770747347384,0.21961179881494874,0.08281534495373744,3.6759275919196526
0.1953149187145865,0.020334143178168285,0.36368940916187265,0.13678974631632457,1.336134974781916
0.954768930045865,0.9375603869051145,0.06618298678257195,0.9019104324617595,6.694055813739092
0.013516585860908426,0.03033065146196312,0.3410300714770488,0.7389644067048493,1.5693803272286162
0.7008390019903419,0.8454664328794177,0.13296317615297382,0.11387199391041225,5.163342081714714
0.2702383553472224,0.7314890998148721,0.7881015913675398,0.698811938902736,5.7414482315917486
0.9976700667042077,0.37854875281888656,0.8387170469624012,0.6965088405858112,5.8834780791945755
0.6767791005397182,0.16926137071342462,0.8063094098508622,0.4759011437931332,4.119123647427993
0.5848717808194085,0.1491027881817969,0.47558472091751847,0.24046644336373324,2.957790599564775
0.6861659110053714,0.004502171825709778,0.4578928231336752,0.4584412895059575,2.7645674450868896
0.593976060027802,0.16176305643490752,0.40516287926187877,0.14760412887835406,2.7929342331973457
0.04682765441997139,0.3753344055904563,0.09644546409609112,0.918052697898634,2.705936557292584
0.6054782773426438,0.5135703876529623,0.3450514384081317,0.8524992446773539,4.807840226790754
0.7491653606524837,0.2290190678988815,0.4689853299364124,0.6467262411729064,3.9991038939462245
0.3695058912087682,0.10505155652203535,0.6350332339797368,0.03897738996007449,2.468261866425226
0.26219851685412343,0.7549912372033873,0.6884803320381327,0.050258499207972096,4.971581145806034
0.6961557040504569,0.9330805013356464,0.1659259264047538,0.5259556208715435,5.98244088712455
0.4060914943104187,0.12352284229539212,0.9817528723998672,0.9960680820814383,4.265848184683579
0.34869074464202543,0.8150532086870395,0.9699610241349875,0.9507025018313858,6.848218874133569
0.3647645990048941,0.4414107261193826,0.608037145820588,0.20879888831296434,3.9200452824414587
0.21746200600664567,0.024786969430334538,0.5232675251105838,0.9175413504981429,2.49814829045394
0.6019777398208159,0.4812627387489138,0.3961746307048254,0.20549503626106957,4.126850732308007
0.5108302515322689,0.4544821168393406,0.3586923003949669,0.6705956914371088,4.2275692626489425
0.672080057953477,0.7047457195043897,0.9963286221770575,0.04374370260496374,6.199543940883592
0.523488484834774,0.3425230034270136,0.6822607254999226,0.2830486220768943,4.064639056454341
0.9725905217114639,0.6484518563998601,0.7816917998020438,0.03518253165291463,6.137554600279371
0.5244068727491422,0.957177048467483,0.6829001675559899,0.043882031956568146,6.287204306436765
0.9770961170879517,0.16200838139853047,0.0948014334517574,0.6779740554542389,3.469802682127779
0.6716464530993477,0.8949532846413948,0.11018392669277022,0.31630154971736624,5.459775447867181
0.4323709951960122,0.38913143902612746,0.7408054640490894,0.8314951723362797,4.734373846930993
0.1523879175714694,0.7079052860493066,0.20786152094153554,0.5148136002797745,4.0669336215030105
0.6142053099433715,0.5838463342381202,0.5691976795360838,0.5496370517415152,5.251828367652907
0.6898986163949326,0.6305763154233469,0.4210851144366059,0.3138884560072295,5.058161179363695
0.941169880367834,0.19704878377025126,0.50389177023314,0.3526788542738464,4.030997290556799
0.05649142618615177,0.7967294083103899,0.9460151086626856,0.47582721548171314,5.667757918420947
0.23271568671557485,0.4227301428870588,0.5347118632975074,0.5161530534974644,3.741928725071864
0.14707187056501048,0.901976572409771,0.7803027383792616,0.6540778588891972,6.116733366416826
0.83357468419009,0.5730558696193132,0.5270826814450019,0.9370714282091422,5.950609637956579
0.3529581016484117,0.8891910936271838,0.028811417433235453,0.8213781680293796,5.141681580701409
0.7516934576054828,0.8823330159366329,0.978758056040973,0.05147056703415509,7.041705658073598
0.5245206876572777,0.3777837155194864,0.17454314037809382,0.48339006294373654,3.392652581092425
0.9263142224342704,0.6772669635052057,0.8369709468615868,0.09217418618578621,6.327812378798323
0.02094750017807845,0.21587655239355674,0.5970506566402506,0.497199635562356,2.5967021587732413
0.20131407614856012,0.7891559483651689,0.48287875928856117,0.8267200724620101,5.3517295367969275
0.3168648104901348,0.40170599466430523,0.295763493259496,0.4979917821333437,3.3300723682898266
0.874382470416629,0.4834313347702981,0.48130927842209903,0.2548928059451465,4.900001642703796
0.4956472021182404,0.2686340080424271,0.32368825889103026,0.8380655793640753,3.551272533552325
0.5157906391285746,0.7298891135156923,0.9303100524019344,0.47332244060383544,6.285080277727623
0.6673325588904943,0.7901870370135559,0.44608501175794946,0.8800195633159916,6.267602852667102
0.85633525771843,0.8480384327544869,0.6278025154254255,0.7288942837268307,7.089323561032489
0.15816725824796152,0.17782158484166155,0.3341246036321589,0.09993554059076803,1.795805603717655
0.00869447142981461,0.5304943279005484,0.6394265036677659,0.009661558477765064,3.42788082027512
0.30946113440086465,0.49457957149579235,0.24012734215014542,0.4119762179314853,3.489471457016675
0.1688224175381292,0.72346928709142,0.5818376201427035,0.9723854992432203,5.367582722970566
0.9305241999730186,0.4301595187874774,0.7235596563291165,0.8677489523836349,5.896554740137815
0.8529262138243418,0.3331920651608925,0.3219862305783524,0.5587269907801181,4.241320140229076
0.1982010912772444,0.937897248108954,0.8942688845257778,0.5136459119006566,6.450174855942517
0.977532645556653,0.6286627295603974,0.40271530388704824,0.06077628417157366,5.3359231013005655
0.4178284185970029,0.8011318925939066,0.2782476793647438,0.4675465605805704,5.064226326879691
0.21456759565053918,0.9356039982705361,0.7953725112087774,0.26081537045112313,6.023111577251901
0.8809213016104147,0.5576113710435178,0.5711369241492161,0.09165886582743532,5.226220801520768
0.38057894351412647,0.7220732347171845,0.524993912730888,0.9319611553163901,5.631399806675157
0.7777344372736269,0.30907769939906404,0.24493475350636773,0.9585820177482464,4.2402311969044915
0.8530020888502722,0.3625276877269421,0.3466087337103636,0.4653303577722774,4.314662753801317
0.2460723123325581,0.27405408135722364,0.162959391648977,0.12909127438514167,2.0433710077771066
0.8952965533344299,0.2951698153075054,0.3191114007111715,0.7837513339061786,4.393246503227403
0.35836153624098144,0.49442745237449126,0.8957791278008383,0.21704270383732138,4.703033841418926
0.9018438160997836,0.44050835091567286,0.3100673100003212,0.9246156254964617,5.110471281359363
0.31783988638098704,0.6730281233232039,0.4758298703507582,0.21218018336385358,4.491632190120161
0.7354816579589528,0.08484235975164878,0.2981465800862586,0.11667311115994483,2.5232990262569626
0.6724299180145373,0.6678280519460028,0.7465005957930294,0.6686896354659028,6.177862870865047
0.627799691826406,0.7466426105597619,0.37303730091567977,0.6994749942616415,5.68771942198486
0.7555648078361931,0.10842244913879229,0.9056856788510772,0.8245056832139748,4.580696453143684
0.183571389974439,0.9599784051600456,0.19295207512530177,0.317494880768202,4.910455431607866
0.6169243178374031,0.046916236637535746,0.9662315307327437,0.5499668054357054,3.9039434491261416
0.328818557712209,0.6058745992705648,0.7886557762340306,0.25649899102085627,4.914946055995594
0.7022481202858669,0.784486637130904,0.3940249961577371,0.12053163136431189,5.451024412775136
0.7974384221578303,0.28109014957144207,0.7778806599507576,0.8803812912085455,5.1553800537114896
0.1833850869094389,0.7023503153960938,0.708879380583477,0.175068117155192,4.768998313725399
0.9936374035894547,0.12632840592592776,0.07326105583469122,0.18117812883189954,2.8202886713839024
0.7627684637868374,0.7869248442577587,0.03551602023792988,0.6062081089149796,5.350476453995549
0.9353449743777862,0.6892068596261781,0.33436676620101335,0.8953350178912491,6.191585937553562
0.5445143633542265,0.6140106084897216,0.37973638670046517,0.4797791246655966,4.784323058733866
0.14556744602615446,0.8426291428025523,0.2755570667594053,0.3155896282466065,4.528355225027935
0.910527104678067,0.3200425582777059,0.1291952283075849,0.5881078776005003,3.9477227766826277
0.5296252362241153,0.31911294476264107,0.30871150021378746,0.7012442458237014,3.654369497750071
0.47767450728060834,0.4980510627287482,0.19298488977419848,0.6931470143781658,4.026670059402773
0.23440061414699764,0.25518860184444847,0.5485738510904461,0.9577629884933987,3.54446632634608
0.11324382111952602,0.657528657775436,0.4755509480044101,0.028662892203717538,3.836367061553334
0.4997033445037987,0.6910349796635744,0.5628425156587825,0.3091443320825087,5.198375971061969
0.020903997573310407,0.9345919638562556,0.20989824445359306,0.513759247668516,4.713731587147346
0.7075823625460274,0.12625603591136636,0.7739315674808744,0.5369956339689409,4.00504763766821
0.0029393052272563835,0.14299673920346168,0.8861204343173071,0.38206174944434124,2.732168185347315
0.3583948809581139,0.27829598900655617,0.6273304151797802,0.10804508189316131,3.1926796301951743
0.008270205443515422,0.06690995869697514,0.49525006378797054,0.771336562809681,2.0460169360605533
0.4690276505945141,0.5542727587045911,0.5449316856305074,0.976282252527752,5.22129195979616
0.29643649033364994,0.6736045045313317,0.607777206680453,0.925017904884962,5.427863317038495
0.6548905761240442,0.7607441941250858,0.5915568278376934,0.04752765058613706,5.583399235009955
0.8227900947111899,0.710446393616156,0.09193296917199234,0.07545025892229884,4.746681961153287
0.06488161179169682,0.8756501760303075,0.7545136854132929,0.63048368347633,5.771874982007539
0.3027469478632614,0.6433922173216992,0.11092569727557955,0.9266094061129855,4.327523565677463
0.29847526644267064,0.21799742864828442,0.22904991882212056,0.043970465750766574,1.9710105508734865
0.2570441570960499,0.8856024747858559,0.3913271414993663,0.9498354869691629,5.788987983303419
0.8248691737455218,0.25741780848407936,0.26998910620613126,0.6283165429975324,3.8477043368371557
0.6309273690049252,0.8659124573606514,0.5255297584588459,0.7341508668075796,6.510714951177727
0.19652754202964828,0.9652742501340549,0.23182906973154016,0.44350374361697853,5.161313967675574
0.44490531037297054,0.7548630428604791,0.6074892033904506,0.7943030854128358,5.918544284381595
0.9213430875312536,0.5142483184760247,0.5108704542510055,0.3134881336938584,5.234908491162475
0.1589180128030403,0.3294858725347233,0.46958411507306386,0.08320005356030835,2.65814779945141
0.2746841326190862,0.9232192043044752,0.9771652323269492,0.1515751576718728,6.348150704781845
0.14703637554326832,0.8202108467256592,0.3693899297850127,0.964733694603307,5.278429692162506
0.9113830110653195,0.6307929107534946,0.7222912991809006,0.09145097673623426,5.881971240242653
0.48810444920003127,0.14588388579279554,0.1012847700488787,0.19001293797901686,1.9523269196480189
0.9856019019615353,0.8645137586604185,0.4793383797732129,0.5454055224625926,6.933341120573763
0.6244867295491559,0.4660516356118587,0.8017227320206474,0.06714596013270702,4.783771425719748
0.7953804514734301,0.49159436971771886,0.7305305712253783,0.3604782857269919,5.378677809995485
0.4416563796428695,0.48317386945005647,0.9563554872039106,0.23787896359765837,4.966598175091445
0.8461906648412105,0.7632765137274641,0.7092290038771011,0.5212814707801181,6.685226863126597
0.5192724462903825,0.3820141758379253,0.3279605684495668,0.623745966251583,3.8462686990831827
0.5146707644955633,0.9435531038464603,0.35659053213207836,0.459963867396179,5.976698876037303
0.6633824307182059,0.9618921642777412,0.701023855139574,0.5450901099255011,7.121471338752025
0.9548938147733053,0.22000443136617753,0.30331824258999784,0.32322426456751985,3.7196661047588364
0.1562319905274011,0.16166257556963481,0.13737071463209083,0.09574305096480562,1.3295987635623288
0.190685783227311,0.639771424699169,0.579902203583329,0.2322048985630275,4.3324665709809835
0.9716651839388405,0.9893208933440008,0.53944378867255,0.46446509023066485,7.443966608829449
0.9610058949856305,0.4678497061673118,0.6725453706104638,0.45511214938227484,5.593613505243711
0.6572107800598463,0.7841823644381689,0.7775574077132525,0.09788057215580181,6.104146405454674
0.16851102567608844,0.758645346981529,0.7996996673057438,0.22646808320022582,5.197470857090006
0.8751839007695799,0.23135355098856836,0.4009714093786234,0.049569734529545495,3.5272945587802256
0.6260220441908145,0.8924626712695823,0.4961312970120466,0.4624497597716638,6.276607127255716
0.5267906063175887,0.6461324343978804,0.19146426237850245,0.9988767233677349,5.019916198351439
0.24703618105084368,0.09908685540151696,0.9943482496110182,0.2370766050782963,3.116192888008088
0.15277633707299,0.15422282108258223,0.01436297522546659,0.6794683514569185,1.6306382603841607
0.39692821834891723,0.7592303704466915,0.45145983414304025,0.6051934606202198,5.338891047390901
0.3444617541228536,0.7552395868185034,0.7115265743089121,0.6030444109346502,5.735979415072196
0.2872356829003355,0.548770436886747,0.27870329707982633,0.5074980152013269,3.8344577227086387
0.317899596573087,0.3023877257117218,0.7108751730995763,0.6500341381908338,3.9171345803830473
0.4831701671821821,0.942342672062069,0.7495516798007217,0.04205027361982694,6.2768646558339105
0.1992593915778681,0.13742688938687153,0.6862638309902522,0.7787636590454651,3.099517661729192
0.022899858073074153,0.8537437680263458,0.42984542395577385,0.021737816623257467,4.342203452786337
0.6495920281480733,0.6005432336785749,0.45931210641857256,0.8013641080279453,5.421345311875536
0.7327618275023051,0.36385660644104956,0.07505667239811953,0.14660163029020434,3.217665055855252
0.7538502568652051,0.2045883831063532,0.20141198771603697,0.8148115459851815,3.543689567573079
0.9214893689672443,0.45976160041877945,0.8203309208625682,0.5293232118390911,5.852010193173833
0.5915736944423204,0.5164635256429522,0.2085401344304434,0.057366606082494886,3.7234483663998312
0.86660519683076,0.6267941455737773,0.4943814436252921,0.20753276165918255,5.436682624866396
0.38474695988486163,0.8522851810622474,0.9724163327965731,0.028001238661719885,6.151468548273579
0.2982956242955995,0.4232915211537359,0.42312839359497656,0.3436965066962471,3.479710627092343
0.14414879999491126,0.017136270765448214,0.5091896250152802,0.9574787254790097,2.3327006585611856
0.805228570220275,0.8941395763265237,0.2554385345771134,0.171297524626575,5.869190039527448
0.7139871042089841,0.06295123731360386,0.35736745960756644,0.6214713690572021,3.015985445944719
0.2807710491006761,0.1351862811858212,0.3824786979818863,0.45930638174212846,2.326551000650538
0.7388237667175716,0.702190376457997,0.2847426531766041,0.08016795243004327,4.936062298050382
0.658876092659113,0.7095532019827234,0.4258723441064798,0.395399729014012,5.403109410476091
0.18889926145856484,0.4778379008489887,0.5693094616048392,0.9384656295470816,4.366234679069845
0.23104130340919182,0.53690025702041,0.687419087460589,0.11667297650869735,4.1011947863298985
0.24444587641518623,0.7376113028520987,0.05547289552035117,0.0670403144363455,3.617323069715815
0.7320837465003032,0.38188552494260575,0.5338724665905338,0.8636747404603196,4.923129266412416
0.08816282647095919,0.056254415417633874,0.294125838793729,0.07964892277528468,1.0692439149751967
0.2791847874319967,0.006219877066100277,0.7604095588594667,0.18886221091227384,2.2929304117596017
0.9376463693286633,0.20340483834594758,0.2699817517044104,0.18255872404899898,3.4114343194989365
0.06815488146342596,0.6102704233002111,0.59635450879862,0.45032173360387917,4.220422207328815
0.9300776501605559,0.7386285473941412,0.080504366012082,0.759585262573498,5.735263484495338
0.2256327170749256,0.33259817772359923,0.7250748975030525,0.23863908598582395,3.470447026036177
0.48239778393849975,0.9444532920547634,0.3543788609804309,0.04222901417824654,5.493595472235162
0.28845436214989395,0.4373624060333162,0.7042659867556292,0.412710085071313,4.1476004070156245
0.920931666964416,0.15860031734111368,0.9817655071057063,0.4748774347154804,4.914673052220181
0.7151435604444368,0.07973146000505504,0.29932405568640086,0.6642312219291594,3.012092294211055
0.24877677728652037,0.6273727122906375,0.002691262773757641,0.148612730949906,3.161039660233012
0.4410546104657066,0.7110904501657883,0.3543902843695188,0.10356827281105041,4.538819863144654
0.8632161254574178,0.9587118661641962,0.18057631071449753,0.06036305163135558,5.982795388631971
0.5045738157481989,0.1385640753367392,0.8474566921881796,0.962169917806187,4.220487235025901
0.9170966709983086,0.708257911362664,0.615745296762513,0.5500805710545895,6.448796152026889
0.6670743286136773,0.36097118779128856,0.7847179869732259,0.001716436386307696,4.349185818725268
0.19134449518416963,0.5597795898216322,0.2077331423060751,0.29843188783596664,3.3357055221029848
0.7225921894658366,0.4466806642460691,0.5544078470465776,0.9815923316989138,5.322315061708019
0.6514030293712375,0.6869008021321743,0.8932701516474086,0.7325412180063359,6.569490788572326
0.3181305991424479,0.9872466595248377,0.3946871915505803,0.19589021624957526,5.570512435734981
0.38804297505408847,0.36921880754259206,0.8809393147983833,0.7662039436801608,4.781043753555473
0.6120312994391989,0.20476912613458864,0.6216757072443228,0.790517160076206,4.077007677981604
0.14419195540592877,0.2590766065089991,0.8409822551718069,0.5322771904818232,3.538932037673291
0.7217608404228457,0.25590344536732246,0.9347961188593327,0.6062845162867037,4.9430122163203505
0.635199173807234,0.8827811308394028,0.8976074214355731,0.5616637170700243,7.1584014309132495
0.44174668039812526,0.8042429852218524,0.987792030621745,0.05840431676830182,6.134453679695452
0.5537557036600451,0.3126091062238795,0.42588045883145664,0.9621484244815872,4.171857174360109
0.6058284582265382,0.37030066946063445,0.9588474446696598,0.492898588559911,5.103453072194845
0.8436636657753729,0.43383107193347625,0.06973270650539498,0.33835150814558146,3.900468540441022
0.5889245161628316,0.4003123935664251,0.17234675970917157,0.755284753551929,3.8790768795616355
0.945704518790096,0.32188948227288705,0.4836597434478598,0.4301399730701624,4.576426426637622
0.42358467729447125,0.1901710599945,0.7478706155634516,0.12276349484310811,3.226358320536954
0.7204360407528952,0.3883391756673512,0.28706282731636235,0.24790868117292464,3.8162631199808446
0.016688281529814053,0.8530696401081961,0.6016869869288242,0.7711658084070538,5.420194905757115
0.19233654433979086,0.16823686992839904,0.9100213917560009,0.01843580812477741,2.8960991600299573
0.7728937804201231,0.31565606083372966,0.08320689743442833,0.8030014240948095,3.777827023138831
0.30091728937660334,0.008565698605685124,0.17645265912378072,0.5915496076056388,1.5805522990291474
0.777376605776909,0.09156032109972512,0.5207883817818433,0.4312494587923933,3.3938207183087985
0.02763119193551955,0.15613223681098232,0.31337705235857316,0.9001375073118981,2.206682943144013
0.15245709888578907,0.9327443693878631,0.06809665145669119,0.2565296887978281,4.428614667034241
0.9705093324926993,0.8655139280419968,0.7266810047785104,0.6464941256788505,7.5029305123892565
0.4967955915413531,0.8451560106321703,0.8831883403061462,0.08540460190401711,6.225996508127697
0.6930171487510162,0.4422057501858325,0.23220753611837097,0.7700268512633476,4.389299221745452
0.24761901768070038,0.5567104022693067,0.8670696234494214,0.3636905493044855,4.819909440641956
0.8981709438401065,0.26004550695670603,0.6006361949518009,0.5329576381062457,4.570753943516885
0.39770162765808514,0.6236680596432753,0.1013248595565327,0.224598553365431,3.717323766367768
0.0132274787775285,0.7857813447857992,0.7444319088859019,0.2793343168379012,4.937778471307959
0.39172499310466136,0.771427447296966,0.8676976399034239,0.824997133269945,6.42955218847398
0.7543138090937397,0.02425038566906601,0.7469397286332026,0.3786354946440641,3.4781441127742125
0.4402700376384573,0.43720592057737007,0.40503400688307145,0.41683518079534987,3.8562669521478883
0.21734745522585697,0.5127135073258728,0.8406765245381568,0.015454502471269671,4.182356491302789
0.21424316718309155,0.36562200038526593,0.19879866622640419,0.7782172939149439,3.066788962274999
0.3718265255997132,0.4829162580347919,0.49316093156289564,0.10477091999555954,3.7664108664599447
0.4962295907048285,0.4408562423406487,0.9224055536067876,0.19810748814268186,4.7988027461285085
0.6191369980384459,0.9347816752266785,0.023440173871466463,0.795187062982251,5.81946810770879
0.8554483669490905,0.30418431280388036,0.1747572247748974,0.7092790436204509,3.9864274782839484
0.13603494243326963,0.49130177918743834,0.7081511561244807,0.01377217781778961,3.6673514916830436
0.9126912287950485,0.6945863796146023,0.7732036036317845,0.5655278167300296,6.715663000042105
0.6803674803606025,0.5019540687509968,0.23229617239105682,0.40803961774326714,4.241183198250573
0.4690341385947606,0.6155671333431297,0.4155433327817869,0.8834630044311585,5.114886480556772
0.7390128134079927,0.8443377079666216,0.42276223778645106,0.08721885378693528,5.788119788042309
0.9937683883708645,0.15100104088778932,0.47526447831566565,0.45625879759612475,3.9983286945203425
0.061044138440137896,0.3297003691574507,0.6616069236824836,0.5682486825698885,3.3323522834449344
0.7610953396296463,0.803846558148613,0.2939156527811201,0.003691543790223739,5.3290997612062085
0.5613325338827269,0.18383961469674748,0.06265064214048321,0.6231557204593536,2.606480531292764
0.5397382032305658,0.50345562156906,0.002436385610214309,0.7174037131781583,3.8155753771359584
0.09906920425482102,0.3769130954267683,0.818587139478899,0.8855682179435477,4.228533287118061
0.9518008166209291,0.8681663556543305,0.8955032458022912,0.10728959702948548,7.274563144493248
0.4427146954391251,0.12692670449270138,0.7407206232376485,0.19279648106417901,3.067373936388532
0.13184558767897248,0.13465009899967428,0.29234202293846756,0.1210022420473661,1.5079778592809432
0.7627375511823288,0.5650110576168349,0.2213707978923245,0.45578622191633134,4.684047150532978
0.7010495148971785,0.563567954959574,0.8230043228661801,0.9141427754641969,6.21652227082921
0.9483551380178745,0.7561150361589897,0.9152623742861683,0.708204930326447,7.459900099570492
0.479550439749445,0.1895244247107487,0.8790964462876968,0.46360027930393855,3.9389917502212173
0.4777708237012852,0.33771961956728214,0.7595084796460604,0.7734606499907729,4.598897734954593
0.6368519412149857,0.033303861723332995,0.2132591781671298,0.6701044784114535,2.5035421640690165
0.1664110276025731,0.27406261615489336,0.32055514644302585,0.46442275407713074,2.5346055667879024
0.2633273544260075,0.020021974990725444,0.07120310840977329,0.9281631727862639,1.6773119984207274
0.2678769629241191,0.14176552470134285,0.14166725426186932,0.8108757026841299,2.197026235861478
0.2267660071241141,0.3786228770827864,0.534283001915805,0.11873444540602163,3.1553239718170056
0.9318035347905375,0.9759426785373793,0.5630738409488601,0.6816469841333684,7.575172449761681
0.30741702726566633,0.5360017219929352,0.7198264818250545,0.9778575495578118,5.176351455710994
0.7055427252757059,0.2522029843143566,0.32663252274725807,0.763075436722152,3.836237870025506
0.6405375049984687,0.8486966877056958,0.22658895233777254,0.3433464716806729,5.472386137175939
0.5628299303604655,0.5006173358560388,0.7686086423788071,0.05881289126618805,4.724159380168889
0.8356618825760198,0.8449470025455748,0.8079213785493964,0.025100258642437256,6.692054791075568
0.9053758525336061,0.3447254911332299,0.818815388188132,0.4753447280702924,5.302629174046689
0.15758486231947033,0.6639383639755215,0.691289733095653,0.66041787688615,5.0139205236184825
0.0367716171866207,0.4277723255314626,0.9208834028469087,0.2441758006837329,3.870575142876642
0.9086230490622175,0.45444490136205673,0.2720608986627483,0.9196998216409372,5.098847322539096
0.4220440249048828,0.9949004260341858,0.06757381581375776,0.9605835741764471,5.919420959750472
0.5792952383560663,0.04851984781822227,0.6673405367171064,0.6148287815321262,3.3021797229513608
0.2740823572270855,0.7415374256251385,0.21062190615926335,0.13583000343814333,4.071388232711395
0.33669110339874486,0.05380421327548912,0.7907427760400844,0.373452592569253,2.843537204548868
0.7530830949571539,0.6848246883673683,0.5450432387630199,0.9404980130327256,6.276049433942546
0.44860427277178627,0.80092540044582,0.8182300520405298,0.6075739747172365,6.344944226125148
0.48644541875372527,0.3508424667952347,0.4063154086516616,0.27702080892840164,3.465912330920114
0.008604346272799601,0.07195880539421395,0.49412485243545556,0.5721472615605259,1.865440880553892
0.5866463208875227,0.7160749625178155,0.8693368127006418,0.22845506787449466,6.004721185122086
0.5813652103522083,0.43797559992856316,0.9873207786044516,0.9880899681959336,5.877364345823506
0.6233177138813419,0.8470688795917609,0.6825374518975658,0.09379405989031886,6.0937799098151775
0.6443112645855966,0.714636801125728,0.9779785966832998,0.7192466421116904,6.822373569152395
0.5224285524108596,0.7754428065705246,0.7214306618925337,0.042879863031982324,5.632369517920867
0.08581227543132974,0.7869583370756112,0.4800942653331147,0.62590574879927,4.905552178630604
0.6174340627387449,0.24973249099108308,0.435371860981036,0.17716508759080396,3.281706898994698
0.12097892389210829,0.27426980645746446,0.37571899142057463,0.4816830347596208,2.5721580912148445
0.7133792125961853,0.4630831475607945,0.8833944263846064,0.25773451765870437,5.303614385863466
0.3910098143379802,0.47851257313926876,0.1911397706308413,0.5109478085405286,3.5892972710352464
0.5729801583256047,0.2723810534206186,0.17333630308621628,0.8143562578216821,3.3965133943277985
0.11734722201728676,0.8051387118414234,0.2204598888870205,0.9984207451557443,4.894589814330052
0.41665372142957,0.33825679013879806,0.8980958860397306,0.7039978798474809,4.686524255341274
0.6533730709728448,0.06715391748814137,0.9638051700762731,0.23748279642254577,3.7404549484733467
0.3445772963193948,0.23004157453563123,0.28834125657422705,0.5115674089477441,2.6975708128775127
0.9464715925572839,0.313748490394549,0.1789525140724133,0.764337331815107,4.270179506652697
0.46978540552822434,0.1320964988253135,0.2311476706661848,0.9693515882057236,2.899603735895796
0.3440099172156973,0.2566985140050342,0.2940300114322514,0.2073004184068875,2.5101743317229217
0.5515542397153279,0.3662400322943916,0.06094639563187432,0.8693354629998351,3.559296862871806
0.6439407629539764,0.954436501520527,0.024031770821414056,0.01564902426336834,5.169340097896257
0.9508962399773669,0.6764289111561373,0.033823977260908356,0.36615072509656443,5.0413068041976645
0.5363529793664706,0.8152499226092667,0.19808218167799385,0.7794918283725502,5.509361840898546
0.8196961046363063,0.8389115008633279,0.010184107354415661,0.47526453545077485,5.49067096288553
0.1947026688137221,0.4997863674316467,0.39162046002785555,0.7811784717212662,3.9529701991310082
0.5623061673305263,0.13189205117295577,0.9572586576044894,0.5930256016923438,4.1597234562541985
0.5241705095949941,0.512704687123917,0.0887706040044356,0.7021264686630853,3.978827444357613
0.427545072779569,0.409520750615031,0.9561999664224626,0.731095608593074,5.136668689457261
0.3140049930635792,0.9798573809254328,0.6064457932494698,0.6683948890251078,6.428725985352938
0.7383207574494476,0.18406000479014728,0.08372949525325224,0.33305309457805776,2.713393619144046
0.4719968317949481,0.4977048376234595,0.9485113647123031,0.8711150273124963,5.702950770820838
0.0888142660111989,0.7311969923576698,0.8544479447126065,0.9475266282201216,5.758839019098412
0.6487904615101884,0.7957460964273063,0.9326382398949469,0.4521188463980129,6.797960634917509
0.8149718117336091,0.07910596692707528,0.686157285654835,0.2822612498949536,3.600943312380143
0.8519802274771957,0.8677543398824705,0.5124315085431081,0.779037893232532,6.978878724803023
0.39689240294540884,0.13029033258218636,0.19919905870242016,0.34453629951378995,2.0578805531381934
0.9904931674859047,0.6845177580679256,0.047429508105884643,0.583153940160527,5.397070323615807
0.7670484643202976,0.022455906100800394,0.5987126024628158,0.005855532187328039,2.8272012901567565
0.31759153461428014,0.2261436410172506,0.5155705730003114,0.08208861470020279,2.6529873939983886
0.6534551843829287,0.24212547146948993,0.3495235976362332,0.4288647437887505,3.4033241937050343
0.9753143964962472,0.2807276055622019,0.07527171470948757,0.7133917971508765,3.937474441811154
0.9452328818126052,0.9372708982929362,0.40371910182674264,0.5669799341578952,7.013967494608336
0.6753512484345903,0.43328114746963176,0.2672187238590258,0.6588722842452427,4.277136818711002
0.4869580182223152,0.0004929699028961565,0.5246125810669932,0.07778949874544339,2.1029025769356444
0.4674824668402082,0.8249006002187382,0.22643832658241358,0.23852083433618632,4.9259648220563825
0.44828093154849347,0.7173540458190608,0.3988837055830178,0.6955703133716423,5.259315770910908
0.16647932121584919,0.9747484698766965,0.29503137630186627,0.8321451559691622,5.654160430511379
0.8229899233584623,0.5712072909625229,0.17986138150480058,0.4612212717589913,4.751753045335609
0.36117043573426943,0.3531253873033532,0.17926495918636332,0.9344185121353603,3.4277908511900383
0.4972531582905426,0.7788581601340299,0.6559968142168761,0.252844899761138,5.674777485312095
0.09985934301613042,0.08814524492009779,0.23186603094139802,0.3427567850694224,1.3587885126648704
0.5243950175044468,0.2199601144607919,0.8694126372071351,0.4701636192254205,4.137619386491752
0.2311354795889019,0.3126271531139182,0.7291162452851488,0.2532738135987963,3.4242858758025707
0.8965664391844465,0.41952971263076344,0.38389502539041886,0.565318185300976,4.80435996497376
0.10450633299840695,0.5278908801143064,0.2033733230890311,0.3478960003016519,3.075218832933754
0.16405016138616624,0.43284255958561235,0.611878720708801,0.2940905575478501,3.5773185600802337
0.7359464203818996,0.6130039724475668,0.2915421663605978,0.9676462039533861,5.474639267228648
0.8234221437200033,0.9329698459253889,0.3799755876834652,0.2129350849076942,6.351609931416188
0.985944156164329,0.34816803049989786,0.6880724038449442,0.5076992390766112,5.248404481094749
0.5544206254336391,0.5046594770116731,0.3502691241986088,0.1124989771308954,3.9405163844420836
0.17908348054118894,0.7785410772807673,0.7124341500157115,0.5403548440843252,5.437554414321195
0.49229926741259167,0.2566334175465018,0.214869348467575,0.9460497972195311,3.386920699165872
0.847994335445623,0.8116694570121152,0.13835100478800466,0.4118733582324654,5.631241866748182
0.6369781811219262,0.20148061975319798,0.9953908425924921,0.9813137244607985,5.051974250902426
0.9294108124838495,0.02603562858113373,0.06237895876973398,0.31047679135976947,2.3981988481914716
0.24600925002155016,0.8646763146184225,0.48453826981167003,0.06412524839048805,4.983925546530619
0.6300473273059495,0.32421308137665505,0.39717729700042703,0.7848481313209111,4.1361497054402845
0.4591930235117978,0.23532826825698294,0.5773392171348368,0.40819634192055065,3.422573896241752
0.18499718035481538,0.6787534895594823,0.08935948259495785,0.3109143206124152,3.574641604749891
0.016495248682837915,0.5691170611707678,0.9227575656903484,0.0210406661760556,4.1760145396055
0.23411947564231006,0.8982210922214033,0.9096171352182085,0.719749941024737,6.600107531631387
0.3385698114740626,0.9802994981720586,0.1440171206276475,0.28410312534757487,5.17047498223923
0.7640082919607808,0.8414543563790459,0.6574360357058294,0.5176458611443755,6.726351941993779
0.14105957274788272,0.47271430944102066,0.1940494593907226,0.7046579384701425,3.2657332405114357
0.6758978139358907,0.7804851830345416,0.12102713076305927,0.04137319527880068,4.757163816814867
0.319579166766212,0.14659699345196442,0.896613089662759,0.07282377913236227,3.0915962657981617
0.10670186208551291,0.5223369369682304,0.5064530671151091,0.06995035249309767,3.385607958767263
0.7768327813439632,0.026552472969246788,0.9456082457527604,0.09407951464179387,3.645171460712228
0.5552686883313348,0.07399823460125987,0.7449158717740335,0.9941428137799037,3.8905048723956797
0.6921191675813546,0.32914466802173403,0.9175439379751096,0.9127083904912624,5.448613273691127
0.24407378373293165,0.8630399559566962,0.2783604635889656,0.3092499786547015,4.8062782971252815
0.8813068368102567,0.2797845477474178,0.7197172739077077,0.5424965682604859,4.863682980686086
0.1402933041544484,0.019643029382017674,0.08459646328613513,0.25865111031823107,0.7870027627274688
0.10176032134934088,0.7069833667928813,0.7114464836243819,0.18787838352814112,4.642225460647112
0.032226748193450505,0.40877891650584275,0.7387445613324688,0.09709418447814955,3.274152469553359
0.826500615043369,0.6325707954767661,0.38388304796824835,0.9480273453193789,5.899077853249678
0.5893850955125534,0.5418428985306144,0.6504179657498755,0.19357385315116604,4.840551569798482
0.018786003903812687,0.5047185194948695,0.576208291236289,0.20519994531684793,3.414062613576529
0.006617522509741347,0.07092379781533831,0.3915115155821358,0.38734153769079704,1.4672948051359045
0.9287250922518189,0.41877500722177863,0.5717582002677883,0.4342941137115707,5.110360727637899
0.4683479440415893,0.9386317747967501,0.3984278618439374,0.7169656508378804,6.2050443617959345
0.9302593981390639,0.7993677352991255,0.4525644370446197,0.9447054464878444,6.907824058051714
0.8204170912965597,0.31216312014134473,0.1257506664725465,0.24299924834353115,3.383987244447123
0.06841958884373289,0.544325757545734,0.21297554581937816,0.256182870887546,2.996276170396704
0.3222833128771708,0.4723915207184731,0.7346640811330836,0.9387768628906038,4.942237733785005
0.08116754764827405,0.12602524872189425,0.7028015508414681,0.005934327098845671,2.0779735189659068
0.7971229049386837,0.33827113135324216,0.5466881659490238,0.30936235000180423,4.350069017190188
0.9247176721613248,0.5107395462692197,0.6945831829471126,0.4407522529586243,5.722312148252378
0.19101105855877054,0.9776059540688102,0.6189561498913757,0.4455234390977779,5.975881672273312
0.49330014918078846,0.8127654372110092,0.025066618721995337,0.5393400105735059,4.82713529522311
0.06737677675972964,0.3786325539226687,0.5731762885601555,0.6118231102707056,3.407459456601151
0.1668842820207821,0.934397024297113,0.8441127938748649,0.33761884819455257,6.097201097174299
0.37208235483926166,0.9057957112581754,0.5343791056510485,0.04655198507797631,5.482657751091298
0.6112037595047168,0.3373583401543633,0.016143940429140247,0.9878864937566108,3.5920152542417783
0.8955422729597026,0.3597563177998645,0.5197337951861674,0.5371658314433934,4.806743238934591
0.6171633430473791,0.4954557596262773,0.2250616428244847,0.9876777743577119,4.653950784606549
0.5416868248539635,0.23670346717003765,0.37810322978289923,0.14897693390202016,2.9353709118558964
0.09350272792178549,0.15828767193638937,0.9944452617578755,0.3056620335838718,3.114708700688751
0.2906220367439942,0.01886945539777707,0.5517804995833184,0.7356250164169527,2.4959079106626865
0.6755818462373055,0.6170814444134635,0.7704944236918755,0.5879202436517376,5.948398561163954
0.9347143038207255,0.3104370857331433,0.9151546168766962,0.6962717062337959,5.637757890561213
0.6415080246592412,0.3996143081886523,0.8415323561052366,0.12215813278814014,4.686696127071706
0.052974773833267985,0.7269109057521939,0.6651092355554434,0.7254430045327113,5.069254646318909
0.871020137651981,0.6147212783116418,0.6106550874066249,0.3989039570709779,5.821139520434757
0.25495091642237855,0.9266382712041287,0.9767963894161796,0.8165521619795739,6.986599858473205
0.5826511972870663,0.37809244515148244,0.6699110493452519,0.924780490202193,4.942274764072759
0.07757794158413345,0.24342538175110517,0.04427870579464577,0.4747010548261533,1.6921158765881326
0.11428570687555972,0.5968685687578954,0.5471581416601659,0.8378267680668623,4.548188740169895
0.4512762091700906,0.28748097447629706,0.8148398640583512,0.21588013866254074,3.8980361830246126
0.12538347631710067,0.01868799328011561,0.8106386273238273,0.8991549780797291,2.8459511584820474
0.35777653892719363,0.01606167593718466,0.6014862683363735,0.19487374669566426,2.1776460649715372
0.03352295456904175,0.45789992419828107,0.39589630955315913,0.9237216460157056,3.614159871053231
0.3809624452583028,0.04917144637447646,0.8393955922689423,0.8336376076357067,3.4710394681881027
0.9256937902952327,0.8399585571450097,0.25010693623409797,0.043410162490907456,5.7548458441296075
0.44830132992229577,0.4393210648104606,0.6149085255151446,0.3565348026839332,4.240238772800657
0.3303468493004089,0.8969576225776786,0.7490541298238237,0.7310772490457657,6.477709697604945
0.6845276506505923,0.9280728786970662,0.6505155883285294,0.09585292296256764,6.478230915709076
0.2768788244006134,0.5762217783919176,0.014124494416400513,0.7215611561205499,3.6084549073222476
0.12705317608422462,0.8385189799507815,0.09080699889028576,0.44197806475449386,4.231774334506641
0.12862503990718466,0.6023050450519892,0.5929019892096778,0.12636568318273145,3.9786399216244135
0.9958977364142264,0.30234345824642794,0.6822391814741663,0.4259607830902955,4.991608451852793
0.38376333969033616,0.564551643965614,0.22996185815067827,0.3059102028857543,3.791567174430239
0.6150260500510284,0.8616410931428535,0.9625002363911609,0.5910016008428335,7.192618546298626
0.10095926489264195,0.23634275999035803,0.05301483272754315,0.8647002519295865,2.118019487131389
0.3587670564206702,0.8752582978302115,0.1697991085765791,0.9318568642898198,5.490022385605164
0.14273430179399804,0.9913339033933299,0.7589696879320025,0.31532627019188686,6.084069863217207
0.8184771684368992,0.6464364507928625,0.8289732527648819,0.1305067163792626,6.011153361954275
0.044098180794554076,0.6700381030001301,0.03640926783753429,0.7616785671460379,3.602845876410735
0.3506421410329895,0.1392857640405608,0.6709597483518889,0.34357420174628206,2.943921036678282
0.3526585437928583,0.6551273109509862,0.2926063699701843,0.6042683181748358,4.5153073895048665
0.6359369645653201,0.640277932120269,0.8456055932162135,0.09139950481659953,5.615596348860742
0.1676346009847719,0.5084632066267931,0.6090445071221027,0.06596044882033869,3.65317149154126
0.7383774718312002,0.9394480048574694,0.3338139591596274,0.9653015023273769,6.86747638373891
0.4816884788406264,0.36660050016683887,0.7403120499959611,0.16164433166193903,4.072047390002469
0.5265688044132539,0.5806500320661194,0.570069208769629,0.19864078767558946,4.714516942305833
0.9196098918714337,0.5219108228847466,0.6905055085040587,0.7308160926637777,6.038690184953749
0.19660359941932215,0.63744618166832,0.8713980578639345,0.02307373785866551,4.708861779098459
0.14487355500796706,0.9353151681351736,0.21580882655856037,0.05911910463612613,4.521744540309875
0.4021790188863248,0.06793379275108191,0.8033932943274742,0.4317465866690665,3.1146263841009922
0.981997071352806,0.11858858408180706,0.4773982137830468,0.8966866778039684,4.2898315844029025
0.10902570061661376,0.15659583436378932,0.524547372949938,0.9270145484480115,2.8205440330362723
0.6174710344735536,0.2847936295247474,0.1247596017807413,0.38849054605339184,3.0121263366609714
0.8828081580304712,0.5374852824904515,0.1979742125140902,0.46201221385980173,4.77351808491073
0.28274424305026913,0.07917229518871216,0.8192614243738178,0.8910230569275057,3.411723572530528
0.5138005431658084,0.027383077802658584,0.18758613152982506,0.03711015139123808,1.5494158119931392
0.9146344492853322,0.8929614699033092,0.7180188442246332,0.19898488884558263,7.03613735547875
0.1338891925763006,0.9728455089538726,0.6692749151193707,0.3553889326202865,5.853099183827119
0.8336220623733531,0.5241659109230123,0.37929221949740644,0.8011322542727604,5.323624461706329
0.24248173403216755,0.4939211752472511,0.08937920046400127,0.8149757616396628,3.4543823316210047
0.04126447691694635,0.9912804090393023,0.6801154609907054,0.5853522607412629,5.993233772713776
0.4124390968730016,0.668021068440899,0.733124789737836,0.05329895349651392,5.016511000481785
0.9535211747529523,0.5342074562203195,0.6866729856598311,0.5821925402844644,5.999410685991309
0.1421916336878739,0.159448566696902,0.3256123246652527,0.4548222891602386,2.0282244726540997
0.5375446333777377,0.8622980512619601,0.4628319119492589,0.3899871763556453,5.839932472057479
0.47787622905764027,0.617456856258198,0.6704103213323518,0.11895923428732957,4.885359760100106
0.9492064689058658,0.2896767064151914,0.4220581139052768,0.7704300348412381,4.671666026124289
0.6790550012473553,0.09432624406874146,0.5197630729776718,0.8272839330285227,3.602225057753542
0.6291385455075879,0.8317555592684438,0.6836656083725967,0.580265477574883,6.532896022409027
0.9287842493987515,0.9310315800484412,0.879481316207357,0.779261996181872,8.119919447587854
0.8065827295639635,0.9336462444024536,0.5489841944222708,0.6005088174560625,7.046227643038345
0.41022667634292564,0.8075323482664921,0.9925354512004382,0.6804881885348295,6.716141836687525
0.8303369359270443,0.4877342398371408,0.7066152069392304,0.16305282559993983,5.187894070681053
0.5731577190070354,0.13285702665896715,0.34158385184861384,0.04892880734994598,2.409840055697113
0.8020438913304186,0.9142932200452744,0.7040002008266785,0.29592133157675415,6.965182396072046
0.9387041290928919,0.854122114029512,0.15664120240621893,0.9662455823013267,6.573424701417597
0.49479125306228566,0.3458657191289525,0.6149912937641968,0.35318892276957636,3.956216892938351
0.8345757402840444,0.74630924590598,0.2982805884943084,0.5346660222407964,5.785615663421422
0.933109950719893,0.5688936058181768,0.5143278137945769,0.07910296290203145,5.249552915203679
0.88696297193225,0.12248406278906987,0.4644784388601877,0.779971538845013,3.972790611586168
0.813738740403048,0.6189096036800982,0.33727140441274495,0.07429946945563859,4.851958173807618
0.6862476276871546,0.2820085805963124,0.5664481088221055,0.24668887908696013,3.8801146744907298
0.4418630405456416,0.20670097264648823,0.11634667159941914,0.6847909131084211,2.6280142279844956
0.1707545547847179,0.2461746280384287,0.9314029762450958,0.30982101872881795,3.4988345929421603
0.5409863456539172,0.7641152327633183,0.06176233195875058,0.8636113989338216,5.12556968521243
0.3554997409122489,0.17714161921924554,0.27261511910223457,0.2149597903937701,2.1797559872997194
0.7330326416442989,0.055219893469780845,0.4011284463204371,0.3280254255204329,2.817227175329028
0.6049668433796209,0.03813926750733032,0.9000073587104284,0.3655326177610122,3.5280380919704317
0.8645458589775726,0.26635710178853633,0.6106769308309371,0.3348043645970642,4.350678351368229
0.3668235864916818,0.9748140249563177,0.2099287490157068,0.028630994798543807,5.0813917656385925
0.3630519040833544,0.17283984047027035,0.5320170657359768,0.8189848297357897,3.3004821312555337
0.8809356704490798,0.5466317412955152,0.487933806654524,0.0016876098976482679,4.925953529286917
0.5217768351415456,0.016920718190609585,0.3731261780767047,0.43731046064422485,2.2947993598431635
0.1651545291368509,0.7904708020769466,0.2819196233745668,0.043189594561206524,4.099221107891829
0.8005225373215037,0.293822408642576,0.14114565799950163,0.7916268858741637,3.8502529110864785
0.7083699188002,0.5310843289072142,0.5083225697984035,0.3435288223955574,4.901251115221621
0.5268130865820048,0.47401320645990075,0.11828841223860065,0.12350318258700432,3.309759006067819
0.7160098416607068,0.05547786316424108,0.007692866353573802,0.9730066625603836,2.6423235312459092
0.5643150659361283,0.982828866857396,0.643335785994725,0.4173548505561787,6.7639720218474695
0.49693212350489857,0.6332840809166356,0.9929177416428341,0.2838126858752271,5.796648739837234
0.37670559554768135,0.3150998649651058,0.08128705785715762,0.5759975646867561,2.752382331356857
0.2693339246509817,0.04012643693831752,0.5009002924467088,0.6581280585887632,2.359102240537414
0.020289617506160318,0.15189420435055645,0.8017030355960673,0.5248758250856471,2.7764379486923283
0.4181975717222488,0.11307194742205195,0.5052611195376847,0.26389386088656674,2.563099033094642
0.9992815468002317,0.18135998246990925,0.6783220123210052,0.2764273213371925,4.357074369459303
0.7121527593724282,0.33990332019137326,0.8081384702557288,0.07548922358825905,4.475684963610067
0.6118767698649793,0.9670411829400191,0.3126439606457718,0.5813989050547477,6.298605097836326
0.39935632945841737,0.070724130865639,0.6865773728502524,0.28410996209315464,2.73887389017305
0.35371161210297464,0.50305489314453,0.629786399123247,0.4321612859080728,4.4113768809386364
0.20111752991447784,0.9424059893310462,0.891340469769539,0.38434828887637573,6.338888245568594
0.028461255144418107,0.311144689681494,0.7004964089372521,0.3776397958118315,3.0801338827011477
0.3474668406014598,0.3357864043847951,0.216435353517742,0.39227254709823023,2.863222552875814
0.42602272299114796,0.9343405400811473,0.6649232882167756,0.22241406996270385,6.14166825270314
0.9405285939781435,0.25319304174410284,0.12520791055339175,0.18994438987621254,3.334189565915695
0.4574093724023759,0.710939194919762,0.4241041446344107,0.3530838659685793,4.9598676797212
0.17580003771701735,0.547284111005122,0.2250120841816866,0.523404135526907,3.514164823344803
0.5345240872451847,0.026404564458166302,0.9158899977174176,0.08687100441889717,3.093317432176767
0.8296086162201158,0.15643600276059944,0.8508965004732075,0.1532858558078859,4.140040100236931
0.26419523669284317,0.1578702880245666,0.6708673312162946,0.4087587611036979,2.91036504902024
0.579200490175873,0.891108479266426,0.7463321915117302,0.4664433923254967,6.681942672766407
0.6454223574587212,0.7242661090801736,0.2706556579712749,0.15644764630086527,4.885668113481552
0.031759643762077405,0.10928914572803561,0.6466160236713767,0.020506152171207215,1.8144140699502578
0.5514896389753805,0.8950068015778861,0.09769320163442752,0.22126944791925074,5.099662335450411
0.5092438759494795,0.15396098952662285,0.9300292664538743,0.5183410555835394,4.012731298496738
0.9635121128947688,0.5680534605464193,0.7368332807665733,0.11485750547574947,5.78776213498411
0.8008876228063679,0.8904447169609072,0.5943525060449677,0.4453633828478071,6.797622508394108
0.6384228098112672,0.7807731153851959,0.492826495055385,0.20272426365493268,5.588315334929021
0.056485456063239514,0.6848273081975301,0.6592898347377155,0.5220498673081307,4.692909681700161
0.11356801751448442,0.37202257668253,0.03409092258941282,0.0008821690812919059,1.7842903560192065
0.641492729269875,0.7394235364226265,0.6498181342692751,0.8731229510561989,6.413438823825005
0.34521766703372336,0.5961570056437431,0.12231813543382741,0.517912682805704,3.8376123103157775
0.009868994592185931,0.04888026555832703,0.017277990529527165,0.6218171769370995,0.8716322094138338
0.8443621023499851,0.5322301293289466,0.4311967329647637,0.11422475289873957,4.794262940844024
0.039987626539665255,0.26403253790952286,0.11129014032586837,0.1806419305333874,1.539327615902546
0.8436308044206215,0.10851216561718402,0.25466754276450543,0.39727219453586093,3.0279175513748506
0.04817436448031087,0.7761921890316131,0.9949584585371527,0.8202129311710978,6.011247333332478
0.5545486112639495,0.9766751067713392,0.44194022617574646,0.6769666657396123,6.5766447677043605
0.7954109435555347,0.6342966862270231,0.2816798934727677,0.39154974436574475,5.082918163330442
0.04269143325256641,0.651284667926505,0.24510266749796505,0.5194047583467253,3.7001316315538078
0.19621508713349578,0.8292487014914091,0.4404526224970867,0.8887821350754985,5.4791123603023
0.2130372942667319,0.00431978619793516,0.2564296272777965,0.5675784368942467,1.5237914247750441
0.06840509881125711,0.6371650675502919,0.5294786368438437,0.9136124310060366,4.658040172517405
0.3901086142036082,0.14761106231088905,0.28133902355816354,0.6103586106035397,2.543698135370639
0.9020816371368746,0.0468825352019977,0.09759020112284078,0.733006108565983,2.9198799258934045
0.2976617623129193,0.9426428236871354,0.8876918599472775,0.3945595948442372,6.535838134113172
0.07565702372875494,0.46002539805345855,0.1754801629832552,0.7476600864912125,3.0900360521290673
0.4543508930065109,0.2412489122040038,0.26945991401656,0.07488459827217098,2.487501861134328
0.34481663899782633,0.8654021450593276,0.2696817353804949,0.7879201386959436,5.478525467689896
0.3070112205661739,0.04848728630995858,0.9988444475438003,0.8802156808294185,3.685876162289201
0.26903640952763375,0.42364858474605327,0.7180545166085239,0.46226567069382263,4.131041861950351
0.9370164940222028,0.26611226760938655,0.8418588534502354,0.4979662285558938,5.120165993938317
0.8793910728901632,0.6111316383274679,0.04755850115399096,0.6685710638478738,4.966996765246054
0.14612259828978003,0.93563025777747,0.09897996411519427,0.8090250434509545,5.041751199370783
0.1191054598993937,0.8773580436297946,0.16903610314317796,0.4923507382090967,4.578066038813419
0.35839286330343734,0.010199767125343762,0.07866438393763486,0.5461705169866097,1.4610840799701292
0.3026783897512023,0.12703292545316058,0.00274113048893998,0.5483696806467633,1.6673404229396902
0.9201322384304884,0.22645541027116833,0.212991891211482,0.44914460502007447,3.6212145053886884
0.4863701258826454,0.719210819197289,0.9623305279608926,0.7652787114160379,6.53952329589227
0.5943815028877273,0.5107387024840252,0.41398960418990516,0.8624728750376194,4.922169899128985
0.6278730450465901,0.25394671838325467,0.9404804324148041,0.4109678423446117,4.563461670800418
0.10311054117562068,0.23545992817071681,0.8500254226007167,0.0371096998167697,2.885221340052312
0.833287713878475,0.2922343352428354,0.9200162995373601,0.3502713911395995,5.025816758942611
0.9354819395286614,0.561076551428018,0.21783882059264337,0.2504688126194987,4.8014165385741805
0.9507430914506053,0.27100007232577694,0.9457339769004873,0.6966800058334942,5.573634431838787
0.268018545065433,0.7482077384175548,0.3778001516157665,0.005828324595014034,4.290296671627632
0.1932696821878992,0.6324123360824355,0.8171313333814972,0.3024724370592381,4.852923812527774
0.35688050336400157,0.2516857645320195,0.0830476287581613,0.10887887804063534,1.9954782004130391
0.2969379320337764,0.10461213711702522,0.24766361626665212,0.09637770961333314,1.604029354682291
0.5301023555673235,0.8771968633034848,0.29789295525473947,0.1215553037746181,5.2863333786326825
0.6562326252423678,0.08312195070735373,0.15429852410480938,0.915009958867195,2.8685600603909642
0.6869465713087696,0.3054940597598754,0.08908286733027182,0.39142017076829494,3.165455287085879
0.26925923137189667,0.15744634242425182,0.6794194080520894,0.25455780472834266,2.7817004532733223
0.032679433146971526,0.023764643067151314,0.36714880013687856,0.20929547904558965,1.104010517881895
0.5748242466244613,0.07411097884916329,0.34707170755309347,0.549006035480397,2.689241859232159
0.5881106577284525,0.6778108145740558,0.0810466351514938,0.2854044557697103,4.334962299825826
0.8017947719061747,0.05005360512480406,0.8915433577931308,0.10697288313092057,3.693863563028748
0.8848842910200557,0.7943765136071157,0.4259378231092851,0.7019910826150815,6.501141365302225
0.4097663880859759,0.8008889313872876,0.9912707229557628,0.4098885362521516,6.415518483884779
0.5656268245039264,0.517823679558092,0.02325687091082651,0.820025231087546,4.06908734014942
0.07390999060708081,0.35724971827991747,0.04822906400300264,0.4596932702579488,2.1329702525977856
0.07876187423715197,0.00937309361898242,0.5014426097142745,0.10857175623311321,1.3064730986118958
0.0139298393344226,0.6519944603724596,0.43679226215811107,0.32950862182398266,3.8389306662988885
0.4511269726436852,0.5801298846939363,0.6176134993888519,0.1685624142777451,4.626562897118565
0.7956951820869066,0.9305878778339217,0.24824651792241348,0.15665534619719457,5.966890257551521
0.5350619225546003,0.21902108372331197,0.0257963699018382,0.367202178666029,2.3650030984721537
0.29302318790932114,0.3695995552703544,0.9676157717391304,0.6657526441856317,4.665428784563952
0.045799487925455296,0.6916219292576873,0.030974609101529937,0.3986427741919043,3.318678685276624
0.2576870359596223,0.21032462861306112,0.01447012952018445,0.7691194108789475,2.1547322562908056
0.8702220112883639,0.4464796673712491,0.4988140210613782,0.46327051874992176,4.9872612529344025
0.5689165872285069,0.06473736763823157,0.24778701387046853,0.8746760242990892,2.7670326970499666
0.4487771338989126,0.21814799477435476,0.05936340055370526,0.9589044984586945,2.8477775464613493
0.893963126867895,0.5410911341832011,0.15534095833756423,0.4824724566712568,4.7454451638149795
0.577294101407449,0.11898492206732592,0.6454462725652934,0.15128242106385337,3.0727028572786415
0.4414543576877895,0.9514353306891271,0.3319726463513293,0.9160473618596989,6.268642692694446
0.8573556710693686,0.42250020269812516,0.20673728949651016,0.6857380450016554,4.503924776925913
0.04837607841519187,0.8234270242425356,0.7552672161594419,0.612832919114935,5.513827605234345
0.13589011025974163,0.0060385040050321415,0.896497311831105,0.8717068154791613,2.960635675680983
0.16008602680286999,0.06578743122307873,0.0561825855080027,0.5681275852958181,1.2638145348098784
0.8337076557222827,0.8311991592222902,0.042404863769503254,0.817466465417227,5.894488141289959
0.254947054588619,0.2163179163159603,0.8145353302516545,0.17045699686274807,3.1746934318071363
0.4913252919858221,0.15866163625270757,0.8090121421586192,0.31396653077429537,3.549287944074008
0.08572699676552942,0.4549029491711091,0.530364273320207,0.16708531639596047,3.2188796532518698
0.6733032376729651,0.6338479908987699,0.2703188676177095,0.7681369114808714,5.1907730856573
0.2590942440638766,0.17828951230338952,0.7359000096983584,0.9459016652577605,3.649048221995789
0.8316381441690677,0.8151345256328787,0.2281160564628434,0.028503745912515366,5.408550249707852
0.6597873015752407,0.3100378085385874,0.4642358338303898,0.2332179791375676,3.7214154841031784
0.06655515927900701,0.8933198613878509,0.24597414542454,0.26753397492345676,4.465872029881955
0.6747286100993843,0.24641091149948158,0.3396568686368516,0.8440213658635075,3.858435969333906
0.36280578270714636,0.5699028977309946,0.5016439773600571,0.6441129417755453,4.65262405283393
0.6866959316937955,0.5983352416238444,0.3744092235391231,0.9050253734747997,5.420576650436015
0.9533400786412731,0.42202200647103416,0.7139681852640903,0.23374820667738405,5.256452760372247
0.22449414080606145,0.1515130820085464,0.8967350577331719,0.9199368525305089,3.768447577643161
0.6480999558427623,0.887126730883766,0.5589036425380455,0.020721658875025306,5.983235779171705
0.9953039608308978,0.49520351871756996,0.6805701012133708,0.9353603220501473,6.267922521008964
0.06254212423425987,0.12321110547892322,0.6947959457066201,0.7987028774945306,2.8062234392919834
0.1519046540724357,0.9887718922575527,0.9322519229069289,0.5343586388892454,6.657759361878186
0.8631129456801939,0.8395223559275152,0.5591385577487802,0.08738156874289893,6.289973999310908
0.8960853157220322,0.06131097662748497,0.1920090544326276,0.892880783647688,3.3143134304669473
0.6994557962321675,0.571668938587323,0.3406948282622426,0.25292984470312563,4.6199068480412375
0.23688734722912064,0.49942121389053296,0.3368512022452438,0.8942606472759685,4.039422601786829
0.3007575599059459,0.8610696158356855,0.6200657899444258,0.6828493647135894,5.968774527757074
0.18878034238561425,0.8156145031213771,0.36963141062345817,0.12966341894458278,4.508944937448236
0.8731965428667497,0.6021811197375365,0.5578482613893833,0.824954449952042,6.095768537414454
0.3752009439234726,0.795950264244957,0.9465544347818783,0.8916221244304363,6.718933938820967
0.8551438304255834,0.9591646477557202,0.5234271053997321,0.6020697633376725,7.195870226011184
0.07211484045759353,0.1417816955854635,0.2718554398917351,0.753083398848493,2.008150741889004
0.2566684538497672,0.4666389311913983,0.3869986865364159,0.6369521443847741,3.7908421499227334
0.02061280698768042,0.35694816938773677,0.35247997057646796,0.07209000222947204,2.2460682349087158
0.36680720336746186,0.4381981222852853,0.5218594677830629,0.9197964025394171,4.449922233981607
0.4137694134586949,0.9644504927106836,0.8501410784118927,0.8158828289693139,7.201505783553224
0.7115482842379317,0.8637749752591278,0.48968034359712076,0.7596731084249074,6.617230265131524
0.9207367786479745,0.014872457103318415,0.036641046293132584,0.1834391489711119,2.1576846272665997
0.08278678376278037,0.7733280981855676,0.3351407298111633,0.5507849338469101,4.479952353737067
0.6598170569684733,0.12661029077088326,0.6605848356685794,0.18228145554552533,3.329526403903164
0.49508791769677596,0.06373076655226617,0.3134063712974633,0.6161114284420629,2.488023072639606
0.2573342908146127,0.8213030031096529,0.7693133078438438,0.8930375049421965,6.23154471469772
0.6087429182447542,0.886455471982886,0.9957400802195582,0.9206807042460828,7.675468589106251
0.24364037816569883,0.4059900791027736,0.6870483501058242,0.2977924487408212,3.783130221694962
0.7065319861507247,0.8402341645871935,0.41260878475617013,0.38096307099765536,5.980181271160218
0.11914746148635191,0.6391156710671333,0.13813501528477112,0.2735643115562312,3.34459194936701
0.36869665754366043,0.29896039996970003,0.8573263241055445,0.2369262237321682,3.8848137869093784
0.5203483550082855,0.28222428054095017,0.28211905930782677,0.9405452852619731,3.6743772360579987
0.8119157329595783,0.6256926589076264,0.9767833099014858,0.36392616101861364,6.444094882371247
0.29647077517118237,0.5560395538675245,0.9216362900505172,0.6691026799771429,5.329475025890639
0.9769361349632965,0.47890909407427673,0.041171026386128906,0.2753688304860772,4.227219529482035
0.4690426748452331,0.6123127165731147,0.43187313844594066,0.7736553363708513,5.024737829245657
0.45472692092153844,0.6587841685703514,0.4009696021353286,0.6490339248627043,4.995563645257843
0.03807201642343894,0.08794987564901968,0.46431212212770834,0.8680136721052439,2.2245814518036173
0.05462283685683578,0.7952657737966193,0.33102022606029036,0.019023143490090155,3.97137236451082
0.3297017532722041,0.677554939576271,0.3674443771505391,0.3849082387302032,4.489420257880774
0.6343582381318009,0.5028294551899443,0.7487304065930501,0.7130720980293151,5.490567208238794
0.14688998879730897,0.9060298982557786,0.059252782044852514,0.7080371195876252,4.744442254295063
0.5027342304445002,0.561177661796199,0.2157190110367948,0.856970376509927,4.538587506657313
0.41067897367815054,0.8948156611562667,0.6798672175439238,0.8031270841471675,6.563482111216382
0.5099780602946848,0.5176863492205158,0.17128824216266458,0.44191608171779195,3.8751940835145544
0.08646739205589926,0.6619046975306419,0.03628625125546092,0.012265443599073889,2.905391520344362
0.4933537023878415,0.5129955302664259,0.9705873067436587,0.4600719657018648,5.439936105030569
0.3237042075790111,0.4872930338880729,0.08392998323290746,0.11124764143608068,2.8756881586122094
0.7940192278789336,0.9075902125011945,0.6560591570042479,0.6683372597681366,7.198854879539278
0.019923801784410555,0.6299678281812792,0.40182841828502736,0.42663749685182206,3.7900132497158143
0.6626701110758038,0.2797019653930921,0.6892409074238973,0.48555783234916183,4.308187730920933
0.4468807803958029,0.004259672302955653,0.8284539474597687,0.887329645071271,3.4550377899942366
0.2020360611395553,0.41152228135688307,0.547296428499697,0.024264893738993876,3.1690189984450305
0.053872124900038565,0.8418006175776888,0.9000818869600365,0.00659471028790759,5.281705204318813
0.3050533650236261,0.3291501461475824,0.6167749336931826,0.9917513948069492,4.152008576830896
0.8320719614794763,0.07058675533217085,0.24099315843399383,0.8885987780129854,3.317076039168609
0.37907064995062234,0.03801174589220724,0.2571925669912718,0.0956641016282943,1.5202375190809114
0.8722750152056694,0.3974778753744159,0.6210338893495795,0.44045844659707856,5.01698775720524
0.34617971791547875,0.10890925139662089,0.8466546680071421,0.691523303132022,3.5128290805637468
0.4200826527510656,0.9351532724615292,0.10722989370792435,0.809412451628501,5.6046506343925975
0.7918523079210615,0.21190880107198784,0.23589161068182707,0.9465150641636135,3.849638105657342
0.780803334099087,0.7557646225872061,0.8900884474673362,0.6247758278240574,6.989617881305728
0.7603115090552368,0.6136865103005973,0.5672378052974433,0.6565132408399256,5.766357910747675
0.3239016895611526,0.4450686455724653,0.5111858852928522,0.9477988241596287,4.398248556157499
0.6502257757752772,0.5698168889537375,0.5269186925244798,0.6879044266369294,5.321460919051393
0.5666242165211888,0.47658284565533193,0.9026886922917591,0.21845869897904013,5.063415899226263
0.6460504521556041,0.7281347175310793,0.7463106918607538,0.8578058824301144,6.555067040587148
0.11295434336549326,0.03054296354002295,0.14638339979148263,0.4809981489363453,1.1218454894103889
0.9148371751205506,0.05952352926160487,0.1050847824341381,0.34721315241098694,2.625151184566784
0.12002598431193334,0.5476652198095131,0.7151787614373067,0.9891614318433322,4.850231802579865
0.28026116544117474,0.11189920583699897,0.29957259699450145,0.4307409885338205,2.0380053367531685
0.19280685605816383,0.2420917199660193,0.12576558361193957,0.4976222104376845,2.1031339696419686
0.2203980219694851,0.47922366179448617,0.8304030997420416,0.7179532523696497,4.736450142970648
0.9912426385034537,0.5620525584684573,0.44795772118762645,0.5400443586456554,5.6666553119016445
0.5772655956929189,0.9570229235163573,0.2718912373745439,0.5011493770579274,6.027554737258283
0.8964783138999147,0.18122994048943564,0.7789031718139481,0.0845091716241888,4.160191905009658
0.40067200284076,0.3656973122558125,0.3274284678836913,0.8444215104365764,3.763411700908729
0.7191251503876728,0.8726507229228394,0.003767041828903084,0.7381661936758425,5.674553469800352
0.09603665468263967,0.61268207206857,0.28177898257656087,0.046286537409433115,3.252646100202114
0.168913561638812,0.733093282495336,0.796050847100838,0.9826451295093981,5.844947076970042
0.6407975441169163,0.6927222594441492,0.07492332337336116,0.09161646433360426,4.293947237090756
0.6008970635981938,0.010509949835031063,0.05151333038828465,0.40588998009787003,1.7527505674109514
0.2305914385773723,0.992198677752223,0.5166019275571813,0.6067321568828982,6.0699136001608975
0.5038298636186876,0.8501172681160766,0.9867788351411029,0.9413048146403623,7.322991284624249
0.3022894027922539,0.9577573626582506,0.8708968540542272,0.035471077615328306,6.212873041941293
0.6093232878930157,0.45263136894043077,0.43060188923761866,0.9076723821376272,4.798048212160619
0.6335213333374033,0.3373394714302562,0.8922098022409151,0.9267555419338646,5.327575698811527
0.6933354279585214,0.9914600407677296,0.620226883298449,0.008323901024171132,6.601288686609031
0.5758404931030562,0.4520273738279036,0.7679148085302263,0.6412050162737146,5.136825114851893
0.4929490207285421,0.5067114249728842,0.5903121688086046,0.6481410881770471,4.841509167142878
0.8624077416749663,0.9080152467461522,0.5464175177311881,0.5617660110686153,7.011477516865533
0.07310611332817696,0.10235105964966229,0.5148318553540581,0.10413940709391611,1.6894195830570353
0.025356051284805226,0.6063700542122761,0.7244507087849797,0.5421462172143215,4.467239954202996
0.35026790014373854,0.9117089346120956,0.8091776388735544,0.6689310949980682,6.634657911481037
0.05574716331450391,0.14330915273293732,0.8460581767006738,0.14961320523449073,2.5264604961965955
0.6023134854545321,0.6183505736898561,0.6093263205851145,0.15271189568574584,5.049393802524463
0.6508000968200871,0.9410709177799116,0.12845830238001166,0.28915671808727916,5.611957187607123
0.39299788079731024,0.18509272507533503,0.462672382050918,0.9783561113198767,3.430067537317673
0.7341195748437515,0.6211341829668596,0.8039371725438187,0.8924139554711509,6.45306418211373
0.6007266671304966,0.04936246779594522,0.9784036754976936,0.352467550064139,3.7081781065043002
0.33981970590561816,0.7860674730624923,0.5171624968796847,0.9405812171553468,5.798815514975922
0.2865267095409665,0.1609693800954024,0.684747012111416,0.06621203736974823,2.6526370010561227
0.21685519193251357,0.08218662501401086,0.7571654654326816,0.8941696929798263,3.1709575077662597
0.7636081080394521,0.6848418473375617,0.20702873979489178,0.014662309611782165,4.6953033946307166
0.7774372194840121,0.24990306515089045,0.8190989841713214,0.08898133506947992,4.281666002983709
0.9273573729320208,0.5595443875028633,0.27935720858341606,0.4726827913716879,5.124289504414015
0.9343029422062203,0.7898655751503056,0.917758059010347,0.8703809444639383,7.733965247498295
0.12063962694620922,0.7366282358965656,0.6536061215296877,0.5429814341836336,5.03798587472169
0.7947178534255982,0.15200286867777124,0.6989198796685628,0.34174332625309034,3.9370302671524975
0.6707705505365539,0.9430077914250409,0.5276617909870095,0.8548619190489738,7.023757767796264
0.8977482145892057,0.0512027881014967,0.5875780483512512,0.3245682855263249,3.5000319638132256
0.6852138044072521,0.5456499347852866,0.747140006580951,0.9886033466488026,6.035910707766354
0.14751010476572135,0.9335439540898576,0.36353069684543704,0.8248392889953562,5.581096708577103
0.5294610332863809,0.38712317902380156,0.8800516578032066,0.7790470727689867,5.146565171043368
0.82578184374321,0.7836295712562931,0.46658050509477256,0.14954984378766212,5.8687928264888
0.18303806478287654,0.536273753402428,0.4822955219085501,0.41339663974831187,3.889158826740877
0.12738576557717685,0.2957650578922548,0.25597365867982114,0.6904106641861046,2.64018974426912
0.743760115208265,0.34191927953287027,0.6810992227629662,0.6164744380874304,4.833870232161375
0.4394973355612639,0.4489069447346573,0.8847181228721326,0.2337613793665313,4.677820075171954
0.8709606342705654,0.7687879390193927,0.2328089247344629,0.7979540309904944,6.080644905078122
0.6018238858419538,0.4194638672979776,0.9553378910826457,0.19180727581600499,4.983986298857115
0.4070699540093632,0.2355900582506567,0.3451155753301536,0.7099532718762827,3.156684563557943
0.24005242654277803,0.04778785350745085,0.6793811929330863,0.8514373318439296,2.8814559848254615
0.1230300652430888,0.7176217878190353,0.9442855291100452,0.9744418034713708,5.979560143453781
0.4369315019343849,0.5253684962199175,0.8768820095213689,0.18013008802578945,4.909231095816967
0.9200453633470247,0.24572189897093055,0.05604136783386815,0.7829618909258894,3.7180229491713974
0.0035574715134399915,0.32616369590525185,0.03642546851427053,0.30634494318510097,1.6909656068615293
0.5903733252598452,0.053681462005378267,0.42667660040309574,0.9646869687369612,3.2135126680843564
0.3013604616243043,0.6021177798836778,0.13921361753582895,0.29175471866512825,3.5813739965201057
0.6950067952189848,0.9500968634896154,0.3421773053895283,0.6042226397431678,6.478978294918655
0.253197565587741,0.47014141060944925,0.06317884506052485,0.08686612231243085,2.6001845860467596
0.8555222572753001,0.36128395851254935,0.5503687159404178,0.03857833631502916,4.295496116796662
0.49168097341245054,0.7132959569124543,0.5673313047255996,0.34878856214334575,5.3199969460692635
0.4925015789658552,0.5094252071099354,0.3803299520157639,0.7088157867626688,4.492179677165648
0.4683765832076132,0.9770850366629061,0.3400784939283462,0.768817260307085,6.294067561230628
0.45929321619324803,0.8866503150996454,0.676824551471643,0.48599092169719715,6.30482771742556
0.4216796604124765,0.3457170813981809,0.4392548400861551,0.2251156742030359,3.3298530007930225
0.7405274210819476,0.16382416527340238,0.6754271081547949,0.6707161395706733,4.157921859137767
0.057880344658732596,0.0465025725189111,0.5989552507530209,0.15549239776339807,1.6551738786625494
0.8502292017551927,0.4667766215134459,0.08488204040044811,0.08391193921439477,3.82124090957946
0.7008245055472827,0.3033994885649616,0.08746068857890954,0.15719218181373984,2.9473605243259704
0.22702969506151593,0.38057918212766684,0.6580589612843177,0.6179556448380834,3.910449686040418
0.9119044555870144,0.09495532711614307,0.833366968659185,0.06802518365142529,3.9383893406083965
0.10994439794028854,0.14276305763913688,0.38198492414504914,0.5723921144247761,2.127302989151999
0.10041629412093234,0.2520744065023063,0.3153071192505267,0.7547437615278937,2.594488214280037
0.713741630951405,0.1728599819417339,0.7771124400116034,0.2002954972874721,3.8734435669804244
0.7817113287696228,0.15130465228956813,0.12627201165794966,0.4218249887880058,2.8430102788014233
0.5223637897464707,0.7170602795895632,0.671442184102889,0.3294383366574517,5.585291402714423
0.3807317688096903,0.5246489690708522,0.9729186202266752,0.6021612057082518,5.408057860064392
0.7280918456767216,0.21451582209271958,0.9358239127789615,0.3214182632499182,4.507313068532163
0.17190468762089184,0.5918897201871383,0.857184539634863,0.6672748795268315,5.093012214786895
0.5833971772036414,0.22936107577598175,0.723422252043526,0.43107616713924435,3.962159328737506
0.7943032804938295,0.16854445416747688,0.05178991008372358,0.34674269245009104,2.7131068902751045
0.13773585881488115,0.5513827298497888,0.43469719175077015,0.6542086038508289,4.004605624381286
0.5752378044638838,0.006924737134442305,0.93247439233883,0.19783264675532364,3.2409559888985204
0.7207781408355108,0.46118006245834187,0.17555043215857746,0.462984217737478,4.100361613559022
0.5781737364139509,0.836982085281429,0.18859524011912754,0.6530547115342937,5.534521005726167
0.8317252584831757,0.7706542092861653,0.586956332964583,0.07288912007139714,5.9928691401115755
0.06130960788031847,0.5827001923674788,0.9295502649789112,0.019617631325638207,4.332138146514013
0.713271691593795,0.28959754745186805,0.9898775032103978,0.8141322335191788,5.378820812935037
0.2648365244287423,0.3361557898274926,0.4655785989243859,0.3383033826243661,3.143756788640593
0.10203380068362744,0.7366665998097941,0.08608461568548476,0.6273978292822366,3.950301061259638
0.6211398319168424,0.5995912550301423,0.3003701440276244,0.9257763326353223,5.167161304644825
0.6229312796824521,0.9575010366083033,0.3008517470042077,0.2838689149700294,5.961439114776562
0.31091117023032777,0.5379294223393681,0.08814703183678307,0.3954745989508882,3.3453086924425826
0.18791296710289473,0.08243187906940153,0.6368453670420317,0.04415456716931976,2.023398751736779
0.817404334228674,0.29177130349195723,0.9947463723127843,0.11888488405516195,4.910271511105908
0.7769732992575143,0.3363456233930754,0.8674070651750967,0.13449518007902916,4.768638402516554
0.7738454529202831,0.9860089250459395,0.1698488945764981,0.38933009440634425,6.220754489583665
0.718862781768168,0.4273694877652294,0.7850760102062224,0.5145070402250632,5.231862575234762
0.3417728111061299,0.24363356840138306,0.4071993165583988,0.9013115867573182,3.3737901156919077
0.17782903055827814,0.9557494451481297,0.6470995505270646,0.8604794133543957,6.3333343561176
0.9299187649101283,0.5128270870384817,0.4669658744679963,0.019861702351880672,4.864939329262056
0.6517146738418619,0.6498048480335754,0.17516016899175835,0.8146979160211307,5.067666993822673
0.4284259000234506,0.10314573918390568,0.6476219156180917,0.9232989915112516,3.487977579529959
0.40144512485294825,0.13498501799326834,0.6094887191629824,0.2599460294344976,2.8217537894394322
0.5867153301088728,0.2803875592428211,0.3540827815575692,0.8784925837516606,3.881639044055829
0.6813558810638871,0.8016824868570188,0.42121095020137045,0.6027110575123429,6.014574667470933
0.5764851394393697,0.5743227936152684,0.3245005145176405,0.8509566658305334,4.950219148205628
0.7497021297816235,0.18051868548587202,0.5460230415546539,0.07352667886529196,3.3870517634813346
0.029552099632632944,0.5949321470309545,0.21878638395541605,0.40522514302462165,3.281630698324538
0.22246380502333662,0.17997071144315346,0.9582491287577964,0.12931182522158802,3.210620538556468
0.22881984291878565,0.9248050563520537,0.6388328132126664,0.4276799096329926,5.862205447304111
0.6423564877529276,0.09591270997620815,0.768177272766085,0.34324841687657826,3.547966777819436
0.654815269549955,0.08502075123059882,0.26143041801053224,0.4285603253145325,2.601134705357902
0.5695294787223082,0.8869002406234878,0.676004092879837,0.5669508738284803,6.605618979526722
0.9679548887005848,0.17665585466635414,0.3214848879114349,0.9250442493762336,4.21054722126569
0.015603858934734705,0.4804864535609026,0.3930123486082886,0.4431762670655386,3.1823544963951953
0.3959209829830995,0.6445926408477611,0.16351479292285842,0.5818842827777102,4.27912639798067
0.22195530097673088,0.4488262398736139,0.04256089901463844,0.04719510446841113,2.3715324639456052
0.8840447015062659,0.0883106483959133,0.29026596012100825,0.31135684482901327,3.0132207616672146
0.988458954629426,0.5826731339263811,0.39538122672536,0.5498365355931925,5.6482094340082885
0.19549619703862786,0.5725036663600145,0.3989561921338216,0.0357396362267931,3.51465908001175
0.9542154882935421,0.5529827193501953,0.5136949197486723,0.5857457688837968,5.733497462369007
0.11782042736674514,0.1643064034987387,0.3137330988768343,0.038584225076333856,1.5589168915584475
0.7578774609827805,0.9409147638443003,0.07439224926474497,0.32563602150165205,5.753834497373904
0.09017731458518952,0.6637274780019268,0.5866955074459894,0.002571837179683567,4.011227393249748
0.2757542948240973,0.9313490637069146,0.38250415585690556,0.09865704972336165,5.140570205913026
0.25621200001689814,0.35232935909894403,0.9328076683060399,0.5983460532467524,4.385702826288404
0.1393681404905167,0.7598033654815833,0.1439441831609083,0.14731128490641776,3.753149394135601
0.6898751172778033,0.4183086031536527,0.3589284039419195,0.9835830177083018,4.754424472762358
0.455791165853621,0.1641217381470691,0.5084078132805561,0.4068437639633483,2.991728674819979
0.7065551579236485,0.6617596147100688,0.5164356349712588,0.1870615872174064,5.280081631847496
0.14714122625345727,0.8365983337994534,0.9416982285202643,0.1275957536580743,5.6516679984033305
0.8811887169443625,0.20965092638268268,0.3974761507698261,0.07027835526066128,3.466211796219769
0.40384345095291474,0.3588658917276494,0.5358415632206837,0.40603618737254876,3.720869782630343
0.52837449709948,0.18487226245463861,0.8795099014775279,0.3968187596532262,3.9520766066257966
0.7339532870915879,0.5082723278309678,0.9489136637949683,0.17025642986224232,5.569079642959226
0.7006355375295708,0.9236449385727751,0.03954146591802821,0.8703795400160321,6.045313301202331
0.07412045591914784,0.39818823852547147,0.9928999857324282,0.632608615480056,4.359402452885094
0.6372298175580624,0.9813644912652504,0.678963463982743,0.20362669439929404,6.761471222541907
0.19913811942426507,0.9701175710517658,0.3505795759810234,0.9347599734962323,5.914665648513873
0.14467334299170997,0.5784874709530554,0.48424896923985816,0.5649479652385481,4.136742473513906
0.5494144093637936,0.7035360917036628,0.4605012732324275,0.40771289420322376,5.241688626210317
0.8832881606934496,0.5012754985397059,0.47877287839213445,0.9824573360154556,5.711681408345447
0.9819657667775835,0.31525426719411387,0.604490977076573,0.38788043680771966,4.8218109932924875
0.2931866669589982,0.7103252699408235,0.5815750078761316,0.5953911587959853,5.186215588229539
0.05777062586635062,0.5424281498043768,0.8709683955841774,0.8248753319213626,4.852065974039927
0.4506661643736726,0.0493530258544681,0.7715601276354606,0.701678809600327,3.3435434970364657
0.15166120358386226,0.931878561145023,0.6764006320714979,0.08288546322928758,5.4665233791201
0.6621403378733448,0.004303690204831567,0.977224151001243,0.5241902917568649,3.8201340303253666
0.008780256551533694,0.06537584925755258,0.4854870259294072,0.9339817344862763,2.1840196964783685
0.6741958297921893,0.12233162239275963,0.01904745278534714,0.5755478417253855,2.451360896451497
0.044114423717184326,0.9705463284146137,0.4561433554206642,0.4623026336271491,5.3450035055613005
0.4382128983848077,0.7098926226739418,0.6073847872911894,0.3401217502191832,5.270887612266945
0.1514180465877797,0.8081156546266902,0.4346561806748762,0.2881669575878273,4.6927780306199
0.4217115376674304,0.9057221278950409,0.7264909132820165,0.1985867734375093,6.117880186916566
0.753828791058456,0.828690401064629,0.7774163926967993,0.5371982296061175,6.914450201375144
0.9235404837609121,0.9239497938709172,0.9272560570235,0.10906691927346235,7.506459176325955
0.6504601634003315,0.4749690697183372,0.4011898965889801,0.4739643545504838,4.477140753402455
0.5915657752569886,0.43163692476933757,0.06311577626392528,0.7408213069091621,3.7767321090283406
0.40405492611725424,0.5594631705601305,0.19117923477745857,0.6589983398836942,4.087319343913642
0.3488644969746634,0.6454432468495658,0.9589471031878183,0.4491669886539069,5.646563176377134
0.38360887325285775,0.8804797511525525,0.9783752163348254,0.7412695600347262,6.987156743820303
0.31718569004094965,0.40568784127121926,0.08073277808400758,0.5986134968564684,3.0172017981912598
0.6933404823124149,0.3593170116291301,0.18003464930485458,0.27870168643449444,3.4627199961855535
0.9995852479954228,0.9007714228784881,0.8823552305113851,0.9559734320629553,8.322940080590524
0.3289158863968663,0.1296448029484777,0.529277580600829,0.32909289934195907,2.564059045131261
0.6100593413396413,0.20206239910566337,0.012564192192198509,0.8540066726321943,2.907503336118528
0.07246105744282538,0.9027467596048463,0.4273129819888686,0.2015360983002098,4.812071215582983
0.1945866622304374,0.1897231192418447,0.9502728588515086,0.21557518369646478,3.264186702827735
0.06900532875538945,0.3925219183394486,0.3862469344530144,0.8811606130613951,3.361752812835997
0.6140967957406962,0.9173473009927122,0.7710534068562346,0.4114130167649367,6.851102625929647
0.5799224933587901,0.1006949110722477,0.1329977320771366,0.6587641648466754,2.4873842600075196
0.04038249257217519,0.5382938136239535,0.039740328804270475,0.26575913141709695,2.579180028665802
0.1975413433789468,0.4947241202654509,0.46855024901473163,0.9213562654585982,4.232435931307759
0.39145186981764546,0.5967604379579449,0.5079099761010463,0.017433878985119278,4.203199322654282
0.6557229920325952,0.02583226083582857,0.048915339283991166,0.09715843944442504,1.609764145420912
0.5470422844547788,0.4492174323159628,0.00946185814338052,0.632331832195438,3.5422098466556076
0.6151538014520453,0.3849559606593168,0.03888172308589244,0.8194288901743275,3.66732378188747
0.34261733341246947,0.0011049219381543685,0.3151838874054068,0.8206372796245733,2.1406594090129434
0.026279065432927906,0.25101102291602384,0.24247630516844598,0.2588883333333385,1.8004431662001816
0.8859612440183088,0.33896980654103626,0.5237796270384634,0.7659552836586906,4.941316251936379
0.20269115808691007,0.22747149844287928,0.25121284415654965,0.19597525828081752,2.013669256539254
0.7637184643604272,0.5191087744323487,0.2508743291046942,0.033721382163703684,4.139342066823341
0.14534773042936933,0.2260093548570089,0.7461637108661906,0.7348924274375702,3.4219527294567254
0.9232154229174694,0.7449281353666872,0.23015208547792065,0.7060966966439548,5.992544254901484
0.7637538721507713,0.1551001745929187,0.0873128337279705,0.7196642901591851,3.0421984002883433
0.9985114099615815,0.9043765354905201,0.21370818764233057,0.3088946435759854,6.35083998074589
0.6420868805856416,0.043995992224759806,0.3675985197318923,0.05676368292611611,2.252118452460223
0.36705612929152387,0.40160152477207656,0.8432699706703151,0.5927303632365253,4.61978866224851
0.15505441307385026,0.32429532201687106,0.8520520384631088,0.1783023700520151,3.4896965611934174
0.9698354225518814,0.8585421549415242,0.7805527692160287,0.3845748065994111,7.319519809901328
0.2563865531411009,0.018467160948504868,0.06009652356041961,0.7322126241533952,1.4390474213504558
0.727111207698921,0.6905906934954321,0.9535920620096996,0.29578174388778233,6.419551057286752
0.19826409988922766,0.80011378121851,0.5683609384069761,0.18553741650526068,4.919242617971708
0.5318037422597208,0.40123218926311366,0.36495220218244717,0.5858512984685452,3.984291944405336
0.6617434818021024,0.8356969570347983,0.7374073423481495,0.07425971989796709,6.215349196337664
0.13381044199125447,0.613003126569677,0.8249093481703629,0.014745619285038147,4.38419770588698
0.07954470799275248,0.20170852452386134,0.3399879010204585,0.9345925891961613,2.580491905318029
